1|CLINDAMYCIN|3U02EL437C
2|ALUMINUM HYDROXIDE|5QB0T2IUN0
3|MAGNESIUM HYDROXIDE|NBZ3QY004S
4|DIMETHICONE|92RU3N3Y1O
5|RANITIDINE|884KT10YB7
6|HYDROCORTISONE|WI4X0X7BPJ
7|DICYCLOMINE|4KV4X8IF6V
8|ACETAMINOPHEN|362O9ITL9D
9|DEXTROMETHORPHAN|7355X3ROTS
10|GUAIFENESIN|495W7451VQ
11|PHENYLEPHRINE|1WS297W6MV
12|BENZOCAINE|U3RSY48JW5
13|FEXOFENADINE|E6582LOH6V
14|GLYBURIDE|SX6K58TVWC
15|METFORMIN|9100L32L2N
20|METOPROLOL|GEB06NHM23
21|LOVASTATIN|9LHU78OQFD
22|LANOLIN|7EV65EAW6H
23|RIBAVIRIN|49717AWG6K
24|BENZOYL PEROXIDE|W9WZN9A0GM
25|AMIODARONE|N3RQ532IUT
28|NAPHAZOLINE|H231GF11BV
29|PHENIRAMINE|134FM9ZZ6M
30|VENLAFAXINE|GRZ5RCB1QG
31|TRAMADOL|39J1LGJ30J
32|PREDNISONE|VB0R961HZT
35|WITCH HAZEL|101I4J0U34
39|PYRITHIONE ZINC|R953O2RHZ5
40|TRICLOSAN|4NM5039Y5X
41|AVOBENZONE|G63QQF2NOX
42|HOMOSALATE|V06SV4M95S
43|OCTISALATE|4X49Y0596W
44|OCTOCRYLENE|5A68WGF6WM
45|OXYBENZONE|95OOS7VE0Y
47|BISMUTH CATION|ZS9CD1I8YE
48|TAMOXIFEN|094ZI81Y45
50|TIZANIDINE|6AI06C00GW
53|PROMETHAZINE|FF28EJQ494
55|PETROLATUM|4T6H12BN9U
56|TITANIUM DIOXIDE|15FIX9V2JP
57|ZIPRASIDONE|6UKA5VEJ6X
66|ALCOHOL|3K9958V90M
68|ALUMINUM ZIRCONIUM TETRACHLOROHYDREX GLY|8O386558JE
69|NITROGLYCERIN|G59M7S0WS3
73|LEVOTHYROXINE|Q51BO43MG4
74|VITAMIN A|81G40H8B0T
75|VITAMIN D|9VU1KI44GP
76|THIAMINE|X66NSO3N35
77|RIBOFLAVIN|TLM2976OFR
78|NIACIN|2679MF687A
79|PYRIDOXINE|KV2JZ1BI6Z
80|FOLIC ACID|935E97BOY8
81|FLUORIDE ION|Q80VPU408O
82|ASCORBIC ACID|PQ6CK8PD0R
83|.ALPHA.-TOCOPHEROL ACETATE, DL-|WR1WPI7EW8
84|CYANOCOBALAMIN|P6YC3EG204
85|CHLORIDE ION|Q32ZN48698
87|CHLORPHENIRAMINE|3U6IO1965U
89|CLARITHROMYCIN|H1250JIK0A
95|INDOMETHACIN|XXE1CET956
97|CODEINE ANHYDROUS|UX6OWY2V7J
100|ELETRIPTAN|22QOO9B8KI
102|BENZALKONIUM|7N6JUD5X6Y
103|LIDOCAINE|98PI200987
104|SPIRONOLACTONE|27O7W4T232
107|CHLORPROMAZINE|U42B7VYA4P
110|CEFTRIAXONE|75J73V1629
115|GABAPENTIN|6CW7F3G59X
118|CLOTRIMAZOLE|G07GZ97H65
119|BETAMETHASONE|9842X06Q6M
120|CARBOXYMETHYLCELLULOSE|05JZI7B19X
121|CAMPHOR (NATURAL)|N20HL7Q941
122|MENTHOL|L7T10EIP3A
123|SALICYLIC ACID|O414PZ4LPZ
128|OCTINOXATE|4Y5P7MUD51
130|CARVEDILOL|0K47UL67F2
134|DIPHENHYDRAMINE|8GTS82S83M
135|LISINOPRIL|E7199S1YWR
139|CEFOTAXIME|N2GI8B1GK7
142|HYDROQUINONE|XV74C1N1AE
143|PADIMATE O|Z11006CMUZ
147|NICOTINE|6M3C89ZY6R
148|DILTIAZEM|EE92BBP03H
151|MIDAZOLAM|R60L0SM5BC
154|RILUZOLE|7LJ087RS6F
157|ZINC CATION|13S1S8SF37
158|CALCIUM CATION|2M83C4R6ZB
160|MAGNESIUM CATION|T6V3LHY838
162|ANHYDROUS DEXTROSE|5SL0G7R0OK
163|LACTIC ACID|33X04XA5AT
164|SODIUM CATION|LYR4M0NH37
167|BICARBONATE ION|HN1ZRA3Q20
178|POTASSIUM CATION|295O53K152
229|PANTOPRAZOLE|D8TST4O562
233|ISOPROPYL ALCOHOL|ND2M416302
234|AMLODIPINE|1J444QC288
237|TRIAMCINOLONE|1ZK20VI6TY
238|PROTRIPTYLINE|4NDU154T12
240|MORPHINE|76I7G6D29C
244|TRIAMCINOLONE ACETONIDE|F446C597KA
245|ENFUVIRTIDE|19OWO1T3ZE
251|RAMIPRILAT|6N5U4QFC3G
255|ALOE VERA FLOWER|575DY8C1ER
256|TOLNAFTATE|06KB629TKV
258|CHLOROXYLENOL|0F32U78V2Q
259|HYDROXYCHLOROQUINE|4QWG6N8QKH
260|SUCRALFATE|XX73205DH5
261|MECLIZINE|3L5TQ84570
263|CLOPIDOGREL|A74586SNO7
265|DOXEPIN|5ASJ6HUZ7D
266|OXYCODONE|CD35PMG570
278|OXYGEN|S88TT14065
280|METHYLPREDNISOLONE|X4W7ZR7023
282|LAMOTRIGINE|U3H27498KS
283|CAFFEINE|3G6A5W338E
284|NITROGEN|N762921K75
287|ZINC OXIDE|SOI2LOH54Z
288|BUPROPION|01ZG3TPX31
290|ESCITALOPRAM|4O4S742ANY
291|ATENOLOL|50VV3VW0TI
298|SULFAMETHOXAZOLE|JE42381TNV
299|TRIMETHOPRIM|AN164J8Y0X
302|BACITRACIN|58H6RWO52I
303|NEOMYCIN|I16QD7X297
304|POLYMYXIN B|J2VZ07J96K
315|WARFARIN|5Q7ZVV76EI
319|HYPROMELLOSES|3NXW29V3WO
320|GLYCERIN|PDC6A3C0OX
321|POLYETHYLENE GLYCOL 400|B697894SGQ
323|EUCALYPTOL|RV6J6604TK
326|THYMOL|3J50XA376E
328|IBUPROFEN|WK2XYI10QM
329|KETOROLAC TROMETHAMINE|4EVE5946BQ
333|TOBRAMYCIN|VZ8RRZ51VK
338|BUTALBITAL|KHS0AZ4JVK
344|IODINE|9679TC07X4
347|ISOFLURANE|CYS9AKD70P
348|PROCHLORPERAZINE|YHP6YLT61T
349|SERTRALINE|QUC7NX6WMB
350|AZATHIOPRINE|MRK240IY2L
351|MUPIROCIN|D0GX863OA5
353|GLIMEPIRIDE|6KY687524K
354|CHLORHEXIDINE|R4KO0DY52L
359|ARGATROBAN|IY90U61Z3S
360|PENTAZOCINE|RP4A60D26L
361|NALOXONE|36B82AMQ7N
362|TRIPROLIDINE|2L8T9S52QM
363|PSEUDOEPHEDRINE|7CUC9DDI9F
364|CODEINE|Q830PW7520
365|ALPRAZOLAM|YU55MQ3IZY
366|BRIMONIDINE|E6GNX3HHTE
368|ASPIRIN|R16CO5Y76E
371|HYDROCHLOROTHIAZIDE|0J48LPH2TH
375|PROPRANOLOL|9Y8NXQ24VQ
386|DEXTROSE|IY9XDZ35W2
390|HYDROCODONE|6YKS4Y3WQ7
392|BACLOFEN|H789N3FKE8
394|POLYETHYLENE GLYCOL 3350|G2M7P15E5P
395|FLUTICASONE|CUT2W21N7U
402|ERYTHROMYCIN|63937KV33D
411|CAMPHOR (SYNTHETIC)|5TJD82A1ET
413|METHYL SALICYLATE|LAV5U5022Y
415|LEVETIRACETAM|44YRR34555
420|BENZETHONIUM|1VU15B70BP
423|TITANIUM|D1JT611TNE
429|BACITRACIN ZINC|89Y4M234ES
439|NORTRIPTYLINE|BL03SY4LXB
443|TROPICAMIDE|N0A3Z5XTC6
447|CETIRIZINE|YO7261ME24
450|SIMVASTATIN|AGG2FN16EV
452|LEVOFLOXACIN|6GNT3Y5LMF
455|DOXAZOSIN|NW1291F1W8
461|NABUMETONE|LW0TIW155Z
466|LEUPROLIDE|EFY6W0M8TG
470|PANCRELIPASE LIPASE|8MYC33932O
471|PANCRELIPASE AMYLASE|YOJ58O116E
472|PANCRELIPASE PROTEASE|3560D81V50
481|GENTAMICIN|T6Z9V48IKG
482|FOSINOPRILAT|S312EY6ZT8
485|LOTEPREDNOL|Z8CBU6KR16
486|FUROSEMIDE|7LXU5N7ZO5
487|FINASTERIDE|57GNO57U7G
493|DOXYLAMINE|95QB77JKPL
494|ESTAZOLAM|36S3EQV54C
503|RESORCINOL|YUL4LO94HK
504|NICARDIPINE|CZ5312222S
506|UNDECYLENIC ACID|K3D86KJ24N
515|FERRIC OXIDE RED|1K09F3G675
516|PRAMOXINE|068X84E056
517|PSYLLIUM HUSK|0SHO53407G
522|DIGOXIN|73K4184T59
526|PERAMPANEL|H821664NPK
537|BISOPROLOL|Y41JS2NL6U
553|ZOLMITRIPTAN|2FS66TH3YW
554|PHYTONADIONE|A034SE7857
562|MOMETASONE|8HR4QJ6DW8
567|DORZOLAMIDE|9JDX055TW1
568|TIMOLOL ANHYDROUS|5JKY92S7BR
572|TRICLOCARBAN|BGG1Y1ED0Y
577|LANSOPRAZOLE|0K5C5T2QPG
582|ETRAVIRINE|0C50HW4FO1
584|FAMOTIDINE|5QZO15J2Z8
586|CARBONATE ION|7UJQ5OPE7D
588|DOCUSATE|M7P27195AG
600|PRAVASTATIN|KXO2KT9N0G
604|PRIMIDONE|13AFD7670Q
606|LOXAPINE|LER583670J
607|CETYLPYRIDINIUM|CUB7JI0JV3
620|METHOCARBAMOL|125OD7737X
634|OXAPROZIN|MHJ80W9LRB
635|LISINOPRIL ANHYDROUS|7Q3P4BS2FD
641|PHENOL|339NCG44TV
656|IVERMECTIN|8883YP2R6D
659|HYDRALAZINE|26NAK24LS8
662|FLUOROMETHOLONE|SV0CSG527L
684|ALCLOMETASONE|136H45TB7B
686|BISACODYL|10X0709Y6I
693|CARBAMAZEPINE|33CM23913M
698|BEMOTRIZINOL|PWZ1720CBH
700|AMILOXATE|376KTP06K8
709|OXYMETAZOLINE|8VLN5B44ZY
710|BOS TAURUS SKIN|7J12CD6O9L
711|CANIS LUPUS FAMILIARIS SKIN|X2W7CLE97T
712|GALLUS GALLUS FEATHER|1FCM16V0FV
713|ANAS PLATYRHYNCHOS FEATHER|83B65P4796
714|ANSER ANSER FEATHER|15XI414745
715|MERIONES UNGUICULATUS SKIN|9WN2H714TG
716|CAPRA HIRCUS SKIN|JLG9853E2P
717|CAVIA PORCELLUS SKIN|GM3H4U6QS8
718|MESOCRICETUS AURATUS SKIN|3K873H631W
719|SUS SCROFA SKIN|3EM4VW6TQN
720|EQUUS CABALLUS SKIN|88VZV9HGT4
721|MUS MUSCULUS SKIN|390AN9GB09
722|ORYCTOLAGUS CUNICULUS SKIN|Z91WAU43WC
723|RATTUS NORVEGICUS SKIN|Y69HPD48AI
727|PREDNISOLONE|9PHQ9Y1OLM
733|DOXYCYCLINE ANHYDROUS|334895S862
748|CILOSTAZOL|N7Z035406B
750|BENZYL ALCOHOL|LKG8494WBH
753|TADALAFIL|742SXX0ICT
754|TAPENTADOL|H8A007M585
755|FLUMAZENIL|40P7XK9392
757|NITRATE ION|T93E9Y2844
758|LORATADINE|7AJO3BO7QN
763|BETAXOLOL|O0ZR1R6RZ2
764|SELENIUM|H6241UJ22B
765|CLOBETASOL|ADN79D536H
766|ALUMINUM ZIRCONIUM OCTACHLOROHYDREX GLY|P9D3YP29MY
767|MINOXIDIL|5965120SH1
779|CALCIPOTRIENE|143NQ3779B
789|DICLOFENAC|144O8QL0L1
795|CHOLECALCIFEROL|1C6V77QF41
800|.ALPHA.-TOCOPHEROL SUCCINATE, D-|LU4B53JYVE
811|MICONAZOLE|7NNO0D7S5M
813|NITISINONE|K5BN214699
819|ENSULIZOLE|9YQ9DI1W42
827|GRISEOFULVIN|32HRV3E3D5
828|LEVONORGESTREL|5W7SIA7YZW
829|KETOTIFEN|X49220T18G
830|FENTANYL|UF599785JZ
836|CEFDINIR|CI0FAO63WC
842|NAPROXEN|57Y76R9ATQ
844|ALLANTOIN|344S277G0Z
854|ALUMINUM CHLOROHYDRATE|HPN8MZW13M
859|PREGABALIN|55JG375S6M
869|PYRITHIONE|6GK82EC25D
870|ALUMINUM ZIRCONIUM TRICHLOROHYDREX GLY|T27D6T99LH
872|BENAZEPRILAT|JRM708L703
874|CYPROHEPTADINE|2YHB6175DO
876|HYOSCYAMINE|PX44XO846X
885|TETRAHYDROZOLINE|S9U025Y077
890|DEXTRAN 70|7SA290YK68
892|POVIDONE|FZ989GH94E
896|CAPSAICIN|S07O44R1ZM
897|LOPERAMIDE|6X9OC3H4II
898|PAROXETINE|41VRH5220H
919|BRENTUXIMAB VEDOTIN|7XL5ISS668
921|CLONIDINE|MN3L5RMN02
937|DEXBROMPHENIRAMINE|75T64B71RP
944|ANHYDROUS CITRIC ACID|XF417D3PSL
945|ALUMINUM CATION|3XHB1D032B
947|CITALOPRAM|0DHU5B8D6V
954|SULFASALAZINE|3XC8GUZ6CB
958|AIR|K21NZZ5Y0B
965|OLANZAPINE|N7U69T4SZR
978|ALUMINUM SESQUICHLOROHYDRATE|UCN889409V
979|MOEXIPRILAT|H3753190JS
981|UREA|8W8T17847W
982|DEXAMETHASONE PHOSPHATE|2BP70L44PR
983|OMEPRAZOLE|KG60484QX9
986|DESIPRAMINE|TG537D343B
990|DORIPENEM|BHV525JOBH
996|RASAGILINE|003N66TS6T
1017|LOSARTAN|JMS50MPO89
1027|TESTOSTERONE|3XMK78S47O
1060|BENZTROPINE|1NHL2J4X8K
1069|ZINC|J41CSQ7QDS
1070|PIOGLITAZONE |X4OV71U42S
1077|DEXAMETHASONE|7S5I7G3JQL
1086|DESIRUDIN|U0JZ726775
1091|DIFENOXIN|3ZZ5BJ9F2Q
1092|ATROPINE|7C0697DR9I
1095|ADENOSINE|K72T3FS567
1098|CIMETIDINE|80061L1WGD
1106|VALSARTAN|80M03YXJ7I
1107|DIMETHICONE 410|TYU5GP6XGE
1118|AZELASTINE|ZQI909440X
1131|CIPROFLOXACIN|5E8K9I0O4U
1132|BENZONATATE|5P4DHS6ENR
1133|PYRETHRUM EXTRACT|ZUM06L90GV
1134|PIPERONYL BUTOXIDE|LWK91TU9AH
1162|ISONIAZID|V83O1VOZ8L
1168|METAXALONE|1NMA9J598Y
1169|VALACYCLOVIR|MZ1IW7Q79D
1173|SILVER CATION|57N7B0K90A
1175|BUMETANIDE|0Y2S3XUQ5H
1183|OXCARBAZEPINE|VZI5B1W380
1188|DESVENLAFAXINE|NG99554ANW
1192|CARBAMIDE PEROXIDE|31PZ2VAU81
1194|METHYLPHENIDATE|207ZZ9QZ49
1200|SULFACETAMIDE|4965G3J0F5
1201|SULFUR|70FD1KFU70
1208|CEPHALEXIN ANHYDROUS|5SFF1W6677
1209|RIVAROXABAN|9NDF7JZ4M3
1213|LEVOFLOXACIN ANHYDROUS|RIX4E89Y14
1239|FLUPHENAZINE|S79426A41Z
1240|NYSTATIN|BDF1O1C72E
1266|DESOXIMETASONE|4E07GXB7AU
1278|LYSINE|K3Z4F929H6
1279|LEUCINE|GMW67QNF9C
1280|PHENYLALANINE|47E5O17Y3R
1281|VALINE|HG18B9YRS7
1282|HISTIDINE|4QD397987E
1283|ISOLEUCINE|04Y7590D77
1284|METHIONINE|AE28F7PNPL
1285|THREONINE|2ZD004190S
1286|TRYPTOPHAN|8DUH1N11BX
1287|ALANINE|OF5P57N2ZX
1288|ARGININE|94ZLA3W45F
1289|GLYCINE|TE7660XO1C
1290|PROLINE|9DLQ4CIU6V
1291|GLUTAMIC ACID|3KX376GY7L
1292|SERINE|452VLY9402
1293|ASPARTIC ACID|30KYC7MIAI
1294|TYROSINE|42HK56048U
1295|DIPYRIDAMOLE|64ALC7F90C
1301|MISOPROSTOL|0E43V0BB57
1303|CANDESARTAN|S8Q36MD2XX
1319|ATORVASTATIN|A0JWA85V8F
1323|DEXLANSOPRAZOLE|UYE4T5I70X
1329|DROSPIRENONE|N295J34A25
1330|ETHINYL ESTRADIOL|423D2T571U
1337|NITROFURANTOIN|927AH8112L
1342|IPRATROPIUM|GR88G0I6UL
1343|ALBUTEROL|QF8SVZ843E
1348|PECTIN|89NA02M4RX
1350|TRAZODONE|YBK48BXK30
1359|DAUNORUBICIN|ZS7284E0ZP
1362|CLONAZEPAM|5PE9FDE8GB
1364|HYDROMORPHONE|Q812464R06
1366|NITROUS OXIDE|K50XQU1029
1369|ISOSORBIDE MONONITRATE|LX1OH63030
1370|BENZOIN RESIN|GK21SBA74R
1374|SESAME SEED|7Y1255HVXR
1379|PITAVASTATIN|M5681Q5F9P
1384|ENOXAPARIN|E47C0NF7LV
1395|ECHOTHIOPHATE|0F350BVT6S
1396|PYRAZINAMIDE|2KNI5N06TI
1399|TRIFLUOPERAZINE|214IZI85K3
1401|CYCLOBENZAPRINE|69O5WQQ5TI
1411|HELIUM|206GF3GB41
1417|.ALPHA.-TOCOPHEROL|H4N855PNZ1
1418|THIAMINE ION|4ABT0J945J
1425|FERROUS CATION|GW89581OWR
1427|MAGNESIUM|I38ZP9992A
1429|COPPER|789U1901C5
1434|ARBUTIN|C5INA23HXF
1435|ATRACTYLODES JAPONICA ROOT OIL|EC228KGY00
1469|ETHANOL|3K9958V90M
1470|TRIAMTERENE|WS821Z52LQ
1487|AMPICILLIN|7C782967RD
1503|ALLOPURINOL|63CZ7GJN5I
1516|TERBINAFINE|G7RIW8S0XP
1531|FLUVOXAMINE|O4L1XPO44W
1536|HALOPERIDOL|J6292F8L3D
1542|PERMETHRIN|509F88P9SZ
1543|CEFADROXIL ANHYDROUS|Q525PA8JJB
1544|IOHEXOL|4419T9MX03
1557|MONOMETHYL FUMARATE|45IUB1PX8R
1562|MONTELUKAST|MHM278SD3E
1569|RISPERIDONE|L6UH7ZF8HC
1571|IRON|E1UOL152H7
1573|METHYLCOBALAMIN|BR1SN1JS2W
1574|LEVOMEFOLIC ACID|8S95DH25XC
1575|CEFDITOREN|81QS09V3YW
1580|ACYCLOVIR|X4HES1O11F
1582|SULISOBENZONE|1W6L629B4K
1586|BROMPHENIRAMINE|H57G17P2FN
1587|TEA TREE OIL|VIF565UC2G
1591|VALPROIC ACID|614OI1Z5WI
1610|ALOGLIPTIN|JHC049LO86
1624|CEFUROXIME|O1R9FJ93ED
1627|MYCOPHENOLIC ACID|HU9DX48N0T
1640|SUMATRIPTAN|8R78F6L9VO
1649|FELBAMATE|X72RBB02N8
1651|TROLAMINE|9O3K93S3TK
1652|METRONIDAZOLE|140QMO216E
1653|LITHIUM CATION|8H8Z5UER66
1654|AZITHROMYCIN|F94OW58Y8V
1664|ZOLPIDEM|7K383OQI23
1667|GALLIUM CATION|F7K5MP217W
1671|SOYBEAN OIL|241ATL177A
1672|FLUCONAZOLE|8VZV102JFY
1683|EPHEDRINE|GN83C131XS
1686|2-(L-MENTHOXY)ETHANOL|5ZWW23169H
1694|DONEPEZIL|8SSC91326P
1710|MEPIVACAINE|B6E06QE59J
1717|2-MERCAPTOETHANESULFONIC ACID|VHD28S0H7F
1725|SOMATROPIN|NQX9KB6PCL
1737|ATOVAQUONE|Y883P1Z2LT
1738|PROGUANIL|S61K3P7B2V
1739|LORAZEPAM|O26FZP769L
1744|NORETHINDRONE|T18F433X4S
1745|NORGESTIMATE|C291HFX4DY
1752|AMOXICILLIN ANHYDROUS|9EM05410Q9
1755|CHLOPHEDIANOL|42C50P12AP
1758|CEFPROZIL ANHYDROUS|1M698F4H4E
1767|MOLYBDENUM MO-99|6634O61GOI
1770|DERMATOPHAGOIDES PTERONYSSINUS|57L1Z5378K
1771|DERMATOPHAGOIDES FARINAE|PR9U2YPF3Q
1772|CYNODON DACTYLON POLLEN|175F461W10
1773|AMBROSIA ARTEMISIIFOLIA POLLEN|K20Y81ACO3
1774|ACER NEGUNDO POLLEN|P6K070AR8V
1775|FELIS CATUS HAIR|1564HD0N96
1776|POA PRATENSIS POLLEN|SCB8J7LS3T
1777|ULMUS AMERICANA POLLEN|89BAT511BD
1778|AMBROSIA TRIFIDA POLLEN|KU1V1898XX
1779|AMBROSIA PSILOSTACHYA POLLEN|RX18M46K8L
1783|PLANTAGO LANCEOLATA POLLEN|DO87T1U2CI
1784|CANDIDA ALBICANS|4D7G21HDBC
1785|JUNIPERUS VIRGINIANA POLLEN|PY0JA16R2G
1786|CLADOSPORIUM CLADOSPORIOIDES|4ZWY20GTGO
1787|PENICILLIUM CHRYSOGENUM VAR. CHRYSOGENUM|3Y1PE1GCIG
1788|PHOMA DESTRUCTIVA|A17SE577FM
1789|AUREOBASIDIUM PULLULANS VAR. PULLUTANS|D1A2NG69CK
1790|RHIZOPUS STOLONIFER|FEE198DK4Q
1791|POPULUS DELTOIDES POLLEN|476DVV63WP
1792|BETULA NIGRA POLLEN|93963RFO1P
1793|FRAXINUS AMERICANA POLLEN|G684LX721Q
1794|QUERCUS ALBA POLLEN|Z4Y9ZSV4KK
1795|PLEOSPORA HERBARUM|0N3Z1P4B2W
1796|USTILAGO NUDA HORDEI|9Y53ZS6I82
1797|USTILAGO MAYDIS|4K7Z7K7SWG
1798|USTILAGO AVENAE|YIH315U1TU
1799|USTILAGO TRITICI|BV82OL2IZ8
1802|QUETIAPINE|BGL0JSY5SI
1804|DIETHYLPROPION|Q94YYU22B8
1805|MINERAL OIL|T5L8T28FGP
1810|MIRTAZAPINE|A051Q2099Q
1814|HOMATROPINE|8QS6WCL55Z
1818|AZITHROMYCIN ANHYDROUS|J2KLZ20U1M
1819|METHENAMINE|J50OIX95QV
1821|PHENYL SALICYLATE|28A37T47QO
1822|METHYLENE BLUE|T42P99266K
1832|TETRACAINE|0619F35CGV
1833|TAMSULOSIN|G3P28OML5I
1834|PHENTERMINE|C045TQL4WP
1837|ARTEMISIA DOUGLASIANA POLLEN|K1301R7883
1843|TETRAKIS(2-METHOXYISOBUTYLISOCYANIDE)COPPER(I) TETRAFLUOROBORATE|N6OU7HJ70P
1848|PYRILAMINE|HPE317O9TL
1855|FLUOCINONIDE|2W4A77YPAN
1857|HYDROXIDE ION|9159UV381P
1859|VANILLYL BUTYL ETHER|S2ULN37C9R
1861|PILOCARPINE|01MI4Q9DI3
1876|IMIPRAMINE|OGG85SX4E4
1888|LABETALOL|R5H8897N95
1897|NEVIRAPINE|99DK7FVK1H
1899|GEMFIBROZIL|Q8X02027X3
1912|PHOSPHATE ION|NK08V8K8HR
1920|ICODEXTRIN|2NX48Z0A9G
1960|BISMUTH SUBSALICYLATE|62TEY51RR1
1964|SODIUM SULFATE ANHYDROUS|36KCS0R750
1965|SULFATE ION|7IS9N8KPMG
1967|TITANIUM DIOXIDE	|15FIX9V2JP
1968|ZINC OXIDE	|SOI2LOH54Z
1972|FLECAINIDE|K94FTS1806
2001|LAMIVUDINE|2T8Q726O95
2007|SOTALOL|A6D97U294I
2011|FOMEPIZOLE|83LCM6L2BY
2015|RIFABUTIN|1W306TDA6S
2016|IMIQUIMOD|P1QW714R7M
2020|OXICONAZOLE|C668Q9I33J
2054|STAVUDINE|BO9LE4QFZF
2059|GALLIUM CATION GA-67|99T03J52W0
2069|STANNOUS CATION|QI30938BMS
2070|CYCLOSPORINE|83HN0GTJ6D
2074|BUSPIRONE|TK65WKS8HL
2076|ROPIVACAINE|7IO5LYA57N
2087|HYDROGEN PEROXIDE|BBX060AN9V
2089|HYDROXYUREA|X6Q56QN5QC
2090|FOSINOPRIL|R43D2573WO
2096|DIOSMETIN|TWZ37241OT
2121|CISPLATIN|Q20Q21Q62J
2126|HYDROXYZINE|30S50YM8OG
2127|ANASTROZOLE|2Z07MYW1AZ
2129|ESTROGENS, CONJUGATED|IU5QR144QX
2134|ABACAVIR|WR2TIP26VS
2135|GADOLINIUM CATION (3+)|AZV954TZ9N
2142|METOCLOPRAMIDE|L4YEB44I46
2157|POLYVINYL ALCOHOL|532B59J990
2172|EPINEPHRINE|YKH834O4BH
2184|VARDENAFIL|UCE6F4125H
2209|ISOSORBIDE DINITRATE|IA7306519N
2210|TIOCONAZOLE|S57Y5X1117
2216|DEXCHLORPHENIRAMINE|3Q9Q0B929N
2227|DEXTROAMPHETAMINE|TZ47U051FI
2228|AMPHETAMINE|CK833KGX7E
2260|COSYNTROPIN|72YY86EA29
2265|INDOCYANINE GREEN ACID FORM|C4V974V932
2282|LOPINAVIR|2494G1JF75
2283|RITONAVIR|O3J8G9O825
2284|FLUDEOXYGLUCOSE F-18|0Z5B2CJX4D
2285|ESTROPIPATE|SVI38UY019
2288|MAGNESIUM OXIDE|3A3U0GI71G
2301|ESZOPICLONE|UZX80K71OE
2310|MARAVIROC|MD6P741W8A
2312|CHLORDIAZEPOXIDE|6RZ6XEZ3CR
2313|CLIDINIUM BROMIDE|91ZQW5JF1Z
2314|LITHIUM|9FN79X2M3F
2319|OXYBUTYNIN|K9P6MC7092
2322|ONDANSETRON|4AF302ESOS
2327|CLAVULANIC ACID|23521W1S24
2328|METHOTREXATE|YL5FZ2Y5U1
2332|TAZOBACTAM|SE10G96M8W
2333|PIPERACILLIN ANHYDROUS|9I628532GX
2340|SILDENAFIL|3M7OB98Y7H
2355|GANCICLOVIR|P9G3CKZ4P5
2364|FLUOXETINE|01K63SUP8D
2367|LEVALBUTEROL|EDN2NBH5SS
2383|INTERFERON ALFA-2B|43K1W2T1M6
2396|SELENIUM SULFIDE|Z69D9E381Q
2399|FLUOROURACIL|U3P01618RT
2401|PRAZOSIN|XM03YJ541D
2405|PARICALCITOL|6702D36OG5
2412|PHENYTOIN|6158TKW0C5
2451|INDIUM IN-111 OXYQUINOLINE|LGX9OL562T
2459|PHENAZOPYRIDINE|K2J09EMJ52
2482|DIPHENOXYLATE|73312P173G
2489|ACETAZOLAMIDE|O3FX965V0I
2490|FENOLDOPAM|INU8H2KAWG
2491|BROMFENAC|864P0921DW
2500|TRETINOIN|5688UTC01R
2501|ORPHENADRINE|AL805O9OG9
2506|LATANOPROST|6Z5B6HVF6O
2507|DIATRIZOIC ACID|5UVC90J1LK
2548|ALENDRONIC ACID|X1J18R4W8P
2552|XYLOMETAZOLINE|WPY40FTH8K
2554|DIAZEPAM|Q3JTX2Q7TU
2570|FELIS CATUS DANDER|ZDN2AC0L08
2571|HEPARIN|T2410KM04A
2577|TECHNETIUM TC-99M PYROPHOSPHATE|5L76I61H2B
2580|BUPIVACAINE|Y8335394RO
2594|HALOBETASOL|9P6159HM7T
2608|TOPIRAMATE|0H73WJJ391
2615|PROPOXYPHENE|S2F83W92TK
2633|SILICON DIOXIDE|ETJ7Z6XBU4
2641|SUCROSE|C151H8M554
2642|PHOSPHORIC ACID|E4GA8884NN
2677|GLIPIZIDE|X7WDT95N5C
2678|RALTEGRAVIR|22VKV8053U
2691|FRUCTOSE|6YSS42VSEV
2697|ZALEPLON|S62U433RMH
2713|.BETA.-CAROTENE|01YAE03M7J
2720|NIACINAMIDE|25X51I8RD4
2723|IODIDE ION|09G4I6V86Q
2725|BIOTIN|6SO6U10H04
2726|PANTOTHENIC ACID|19F5HK2737
2728|CUPRIC OXIDE|V1XJQ704R4
2743|MEDROXYPROGESTERONE|HSU1C9YRES
2750|BETHANECHOL|004F72P8F4
2757|BUDESONIDE|Q3OKS62Q6X
2774|FLUDROCORTISONE|U0476M545B
2789|PEGAPTANIB|2H1PA8H1EN
2793|CARBON DIOXIDE|142M471B3J
2809|TRANEXAMIC ACID|6T84R30KC1
2820|HYPROMELLOSE 2910 (4000 MPA.S)|RN3152OP35
2848|VERAPAMIL|CJ0O37KU29
2869|CEFPROZIL|4W0459ZA4V
2871|PERPHENAZINE|FTA7XXY4EZ
2872|ACACIA BAILEYANA POLLEN|59WAV8G5X5
2873|ALNUS RUBRA POLLEN|Z0F2YK1B7H
2874|ALNUS INCANA SUBSP. RUGOSA POLLEN|605T96G8Y5
2875|ALNUS RHOMBIFOLIA POLLEN|7X8HL8GRTM
2876|FRAXINUS VELUTINA POLLEN|LJT6I6Z8FD
2877|FRAXINUS LATIFOLIA POLLEN|1FH355G8HF
2879|POPULUS TREMULOIDES POLLEN|928OC2TJDA
2880|MORELLA CERIFERA POLLEN|LC8MEV9S89
2881|FAGUS GRANDIFOLIA POLLEN|34X886W1H4
2882|CASUARINA EQUISETIFOLIA POLLEN|OZJ4OE173N
2884|BETULA LENTA POLLEN|JQ5HI5004M
2885|BETULA POPULIFOLIA POLLEN|23H70FYJ5U
2887|JUNIPERUS ASHEI POLLEN|544F8MEY0Y
2889|TAMARIX GALLICA POLLEN|43IR7KR479
2891|POPULUS FREMONTII POLLEN|426RHB4302
2892|POPULUS DELTOIDES SUBSP. MONILIFERA POLLEN|5928LJ1441
2893|CUPRESSUS ARIZONICA POLLEN|232DMH0XVF
2894|TAXODIUM DISTICHUM POLLEN|O12H03B41R
2896|ULMUS CRASSIFOLIA POLLEN|G82398SD3I
2897|ULMUS PUMILA POLLEN|030R993R8E
2898|EUCALYPTUS GLOBULUS POLLEN|7XW7TB10X9
2899|CORYLUS AMERICANA POLLEN|ZGS382Y3AV
2900|CARYA OVATA POLLEN|54UN9R2798
2901|CARYA ALBA POLLEN|G2A764T54B
2902|JUNIPERUS MONOSPERMA POLLEN|PM6E3FG1QK
2903|JUNIPERUS PINCHOTII POLLEN|S8A4X05W7J
2904|JUNIPERUS SCOPULORUM POLLEN|0G82TT8ZFY
2905|JUNIPERUS OSTEOSPERMA POLLEN|15L060HV8H
2906|JUNIPERUS OCCIDENTALIS POLLEN|7JWJ3HXZ9U
2907|TILIA AMERICANA POLLEN|E2B4Q4BXJG
2908|ROBINIA PSEUDOACACIA POLLEN|8003NOJ82F
2909|MANGIFERA INDICA POLLEN|BS3OW0RZ4K
2910|ACER MACROPHYLLUM POLLEN|E4CG5Q55M1
2911|ACER RUBRUM POLLEN|700NK45C76
2912|ACER SACCHARINUM POLLEN|95447163DG
2913|ACER SACCHARUM POLLEN|V38QUQ7861
2914|MELALEUCA QUINQUENERVIA POLLEN|NX974IRT8E
2915|PROSOPIS JULIFLORA POLLEN|6EIJ3D04MR
2916|MORUS ALBA POLLEN|3I9T68187H
2917|MORUS RUBRA POLLEN|9LYI4RTZ52
2918|BROUSSONETIA PAPYRIFERA POLLEN|51I6N3XIML
2919|QUERCUS VELUTINA POLLEN|294L626TT0
2920|QUERCUS MACROCARPA POLLEN|57BTU4547U
2921|QUERCUS KELLOGGII POLLEN|02RVY6X9EC
2922|QUERCUS AGRIFOLIA POLLEN|VOT5MA71M7
2923|QUERCUS GAMBELII POLLEN|9HC15X34LX
2924|QUERCUS RUBRA POLLEN|SVW19ET93C
2925|QUERCUS LOBATA POLLEN|HGH5K3653K
2926|QUERCUS VIRGINIANA POLLEN|8KDG09A4GO
2927|QUERCUS NIGRA POLLEN|6U600U1326
2929|OLEA EUROPAEA POLLEN|43R41XZ627
2930|CITRUS SINENSIS POLLEN|0U790UB32K
2931|SYAGRUS ROMANZOFFIANA POLLEN|84ZOM591BB
2932|CARYA ILLINOINENSIS POLLEN|PYO4JR720Y
2933|SCHINUS MOLLE POLLEN|M0G28FH9K1
2934|PINUS TAEDA POLLEN|4O1FFR8ARN
2935|PINUS PALUSTRIS POLLEN|E3A7U1HWIO
2936|PINUS PONDEROSA POLLEN|042SUA2DS9
2937|PINUS ELLIOTTII POLLEN|QJB9OQO689
2938|PINUS VIRGINIANA POLLEN|P6818UI2E4
2939|PINUS STROBUS POLLEN|TX1ER5UV3T
2940|PINUS MONTICOLA POLLEN|3MDX759C0W
2941|PINUS ECHINATA POLLEN|96LRW14765
2942|POPULUS NIGRA POLLEN|0MGE63QPFJ
2943|POPULUS ALBA POLLEN|VU8C8SB23P
2944|LIGUSTRUM VULGARE POLLEN|Y3FRX92Z0E
2945|ELAEAGNUS ANGUSTIFOLIA POLLEN|68P4F4M6VD
2946|LIQUIDAMBAR STYRACIFLUA POLLEN|5Q246DS5BS
2947|PLATANUS OCCIDENTALIS POLLEN|E03U1K03LK
2948|PLATANUS RACEMOSA POLLEN|BWC8DYU8OS
2949|JUGLANS NIGRA POLLEN|1BV28146ZR
2950|JUGLANS CALIFORNICA POLLEN|2147EPR64I
2951|JUGLANS REGIA POLLEN|ARW43087I1
2952|SALIX NIGRA|QU52J3A5B3
2953|SALIX LASIOLEPIS POLLEN|808UWJ59FI
2954|SALIX DISCOLOR POLLEN|ER172J09FM
2956|POPULUS BALSAMIFERA SUBSP. TRICHOCARPA POLLEN|H8QYU50Z2D
2959|SODIUM CHLORIDE|451W47IQ8X
2960|POTASSIUM CHLORIDE|660YQ98I10
2961|MAGNESIUM CHLORIDE|02F3473H9O
2962|SODIUM ACETATE|4550K0SC9B
2963|SODIUM LACTATE|TU7HW0W0QT
2964|CALCIUM CHLORIDE|M4I0D6VV5M
2980|SELENOMETHIONINE|964MRK2PEL
2982|BUPRENORPHINE|40D3SCR4GZ
2984|MALATHION|U5N7SU872W
3010|WATER|059QF0KO0R
3031|TACROLIMUS ANHYDROUS|Y5L2157C4J
3036|IOPROMIDE|712BAC33MZ
3073|BENAZEPRIL|UDM7Q7QWP8
3074|NIFEDIPINE|I9ZF7L6G2L
3076|MELOXICAM|VG2QF83CGL
3078|ENALAPRIL|69PN84IO1A
3088|PENCICLOVIR|359HUE8FJC
3123|KETOROLAC|YZI5105V0L
3165|LEUCOVORIN|Q573I9DVLP
3181|ROPINIROLE|030PYR8953
3189|LACTULOSE|9U7D5QH5AE
3210|CYCLOPHOSPHAMIDE|8N3DW7272P
3241|AMOXICILLIN|804826J2HU
3243|STARCH, CORN|O8232NY3SJ
3245|KAOLIN|24H4NWX5CO
3253|LITHIUM HYDROXIDE ANHYDROUS|903YL31JAS
3256|TIOTROPIUM|0EB439235F
3266|MIDODRINE|6YE7PBM15H
3287|ALFUZOSIN|90347YTW5F
3289|METHOXSALEN|U4VJ29L7BQ
3300|MILRINONE|JU9YAX04C7
3308|EGG WHITE|3E0I92Z2GR
3309|EGG YOLK|4IPS17B70T
3310|EGG|291P45F896
3311|BEEF|4PIB2155QP
3312|CHICKEN|0X8Q245Y7B
3313|DUCK|28ON068RWM
3314|LAMB|FOF26T73HA
3315|ALLERGENIC EXTRACT- BEEF LIVER|W8N8R55022
3316|PORK|O138UB266J
3317|TURKEY|8E9NT44R8I
3318|VEAL|0X5GW3050M
3349|OCTREOTIDE|RWM8CCW8GP
3363|KETOCONAZOLE|R9400W927I
3366|VORICONAZOLE|JFU09I87TR
3376|LEFLUNOMIDE|G162GK9U4W
3395|PEPPERMINT|V95R5KMY2B
3399|ZIDOVUDINE|4B9XT59T7S
3409|IRON PENTACARBONYL|6WQ62TAQ6Z
3414|UBIDECARENONE|EJ27X76M46
3415|LYCOPENE|SB0N2N0WV6
3416|DOCONEXENT|ZAD9OKH9JC
3434|IRBESARTAN|J0E2756Z7N
3439|LEVOBUNOLOL|G6317AOI7K
3465|TINZAPARIN|7UQ7X4Y489
3466|NIMODIPINE|57WA9QZ5WH
3469|KETOPROFEN|90Y4QC304K
3478|QUINUPRISTIN|23OW28RS7P
3479|DALFOPRISTIN|R9M4FJE48E
3497|FORMALDEHYDE|1HG84L3525
3506|EZETIMIBE|EOR26LQQ24
3567|ISOSORBIDE|WXR179L51S
3573|SENNOSIDES|3FYP5M0IJX
3580|BUSULFAN|G1LN9045DK
3624|DIBUCAINE|L6JW2TJG99
3628|MITOMYCIN|50SG953SK6
3657|CICLOPIROX|19W019ZDRJ
3668|POVIDONE-IODINE|85H0HZU99M
3679|PIROXICAM|13T4O6VMAM
3688|AMITRIPTYLINE|1806D8D52K
3691|ADENINE|JAC85A2161
3695|CALCITRIOL|FXC9231JVH
3705|ERGOCALCIFEROL|VS041H42XC
3709|DESOGESTREL|81K9V7M3A3
3716|CHORIOGONADOTROPIN ALFA|6413W06WR3
3725|INDOCYANINE GREEN|IX6J1063HV
3740|TETRACYCLINE|F8VB5M810T
3748|TAZAROTENE|81BDR9Y8PS
3794|COAL TAR|R533ESO2EC
3810|NIZATIDINE|P41PML4GHR
3827|SULBACTAM|S4TF6I2330
3843|TRIAZOLAM|1HM943223R
3847|CELECOXIB|JCX84Q7J1L
3875|NORGESTREL|3J8Q1747Z2
3896|CHOLESTYRAMINE|4B33BGI082
3922|AMMONIA N-13|9OQO0E343Z
3944|PROPYLENE GLYCOL|6DC9Q167V3
3947|MEROPENEM ANHYDROUS|YOP6PX0BAO
3959|ASPERGILLUS FUMIGATUS|X88DF51T48
3960|COCHLIOBOLUS SATIVUS|3LN5B70U4W
3962|FUSARIUM OXYSPORUM|5398RXP8KU
3970|ALTERNARIA ALTERNATA|52B29REC7H
3973|SORGHUM HALEPENSE POLLEN|577VA5B4HP
3974|PASCOPYRUM SMITHII POLLEN|6AU0ZD8T1O
3977|FLUNISOLIDE ANHYDROUS|78M02AA8KF
3981|SALICYLAMIDE|EM8BM710ZC
3982|LETROZOLE|7LKK855W8I
3983|IBANDRONIC ACID|UMD7G2653W
3988|METHIMAZOLE|554Z48XN5E
3995|RIBOPRINE|8EU82FAZ5J
3999|TRIIODIDE ION|DA1N05631Q
4001|CUPRIC CATION|8CBV67279L
4012|FENOFIBRIC ACID|BGF9MN2HU1
4016|SEVOFLURANE|38LVP0K73A
4038|RIZATRIPTAN|51086HBW8G
4053|OXAZEPAM|6GOW6DWN2A
4065|BETA CAROTENE|01YAE03M7J
4088|ETIDRONIC ACID|M2F465ROXU
4137|DULOXETINE|O5TNM5N07U
4157|SILVER SULFADIAZINE|W46JY43EJR
4163|AMINOBENZOIC ACID|TL2TJE8QTX
4164|ESTRONE|2DI9HA706A
4165|METHYLTESTOSTERONE|V9EFU16ZIF
4174|PERINDOPRIL ERBUMINE|1964X464OJ
4284|DESONIDE|J280872D1O
4301|LINDANE|59NEE7PCAB
4325|.ALPHA.-TOCOPHEROL, D-|N9PR3490H9
4334|FERRIC CATION|91O4LML611
4335|HEME IRON POLYPEPTIDE|31VDO12CJY
4338|SELENATE ION|6X37R1DB70
4340|OMEGA-3 FATTY ACIDS|71M78END5S
4393|CARISOPRODOL|21925K482H
4417|TENOFOVIR ANHYDROUS|W4HFE001U5
4418|EMTRICITABINE|G70B4ETF4S
4421|CRIZOTINIB|53AH36668S
4466|EUCALYPTUS OIL|2R04ONI662
4473|CHLORZOXAZONE|H0DE420U8G
4478|FENOFIBRATE|U202363UOS
4508|MICONAZOLE NITRATE|VW4H1CYW1K
4534|ENTACAPONE|4975G9NM6T
4540|EFAVIRENZ|JE6H2O27P8
4562|FLAX SEED|4110YT348C
4563|TOBACCO LEAF|6YR2608RSU
4564|CORCORUS CAPSULARIS FIBER|TVA75O7S63
4565|AGAVE SISALANA FIBER|MRJ91HVV4H
4566|OFLOXACIN|A4P49JAZ9H
4573|URSODIOL|724L30Y2QR
4600|RIMEXOLONE|O7M2E4264D
4612|ALPHA-TOCOPHEROL|H4N855PNZ1
4619|CALCIUM|SY7Q814VUP
4625|FISH OIL|XGF7L72M0F
4654|APREPITANT|1NF15YR6UY
4657|MAFENIDE|58447S8P4L
4703|CICLESONIDE|S59502J185
4721|SENNOSIDES A AND B|1B5FPI42EN
4738|ANTIPYRINE|T3CHA1B51H
4753|CEFOXITIN|6OEV9DX57Y
4758|PYRANTEL|4QIH0N49E7
4766|ECONAZOLE|6Z1Y2V4A7M
4773|BICALUTAMIDE|A0Z3NAU9DP
4795|RIFAXIMIN|L36O5T016N
4801|TACROLIMUS|WM0HAQ4WNM
4807|PROPAFENONE|68IQX3T69U
4826|ANTITHROMBIN ALFA|AWV6I5L6H2
4834|ALBUMIN (HUMAN)|ZIF514RVZR
4864|SITAGLIPTIN|QFP0P1DV7Z
4867|AZILSARTAN|F9NUX55P23
4868|CHLORTHALIDONE|Q0MQD1073Q
4877|METHYLHOMATROPINE|P97OGJ7L1L
4878|DABIGATRAN|I0VM4M70GC
4886|FIBRINOGEN|N94833051K
4887|THROMBIN HUMAN|6K15ABL77G
4895|.ALPHA.-TOCOPHEROL, DL-|7QWA1RIO01
4952|GUANFACINE|30OMY4G3MK
4971|BUTAMBEN|EFW857872Q
5011|CARDAMOM|8BC4CUT4JL
5012|JATEORHIZA CALUMBA ROOT|V36I2B8LD5
5013|CHAMOMILE|FGL3685T2X
5014|ARSENIC CATION (3+)|C96613F5AV
5015|ASCLEPIAS CURASSAVICA|JSZ93E47EP
5050|FLUORESCEIN|TPY09G7XIR
5051|BENOXINATE|AXQ0JYM303
5055|ACETIC ACID|Q40Q9N063P
5071|BOTULINUM TOXIN TYPE A|E211KPY694
5076|AMCINONIDE|423W026MA9
5092|OXYBENZONE	|95OOS7VE0Y
5095|HYALURONIC ACID|S270N0TRQY
5107|TRIMETHOBENZAMIDE|W2X096QY97
5126|SALMETEROL|2I4BC502BT
5134|GRANISETRON|WZG3J2MCOL
5159|METHADONE|UC6VBE7V1Z
5171|RIFAMPIN|VJT6J7R4TR
5196|DAPSONE|8W5C518302
5206|STREPTOMYCIN|Y45QSO73OB
5213|PAMABROM|UA8U0KJM72
5230|MEPERIDINE|9E338QE28F
5282|MEFENAMIC ACID|367589PJ2C
5283|SOLENOPSIS INVICTA|5O7CR4P444
5284|MUSCA DOMESTICA|PV7823W303
5285|ALLERGENIC EXTRACT- COCKROACH PERIPLANETA AMERICANA|2RQ1L9N089
5287|AEDES TAENIORHYNCHUS|BN2DNW66IQ
5288|ALLERGENIC EXTRACT- COCKROACH, GERMAN BLATELLA GERMANICA|G9O67I0A8Q
5292|CARBIDOPA ANHYDROUS|KR87B45RGH
5293|LEVODOPA|46627O600J
5298|SALSALATE|V9MO595C9I
5320|DOXERCALCIFEROL|3DIZ9LF5Y9
5343|PEGASPARGASE|7D96IR0PPM
5367|BARIUM SULFATE|25BB7EKE2E
5376|OATMEAL|8PI54V663Y
5380|BROMOCRIPTINE|3A64E3G5ZO
5425|ECHINACEA|4N9P6CC1DX
5430|SORBITOL|506T60A25R
5450|CABERGOLINE|LL60K9J05T
5468|PRILOCAINE|046O35D44R
5469|PROGESTERONE|4G7DS2Q64Y
5480|DESMOPRESSIN|ENR1LLB0FP
5497|CHLOROTHIAZIDE|77W477J15H
5498|VANCOMYCIN|6Q205EH1VU
5501|TUBERCULIN PURIFIED PROTEIN DERIVATIVE|I7L8FKN87J
5534|POVIDONES|FZ989GH94E
5542|FEBUXOSTAT|101V0R1N2E
5547|OXALIPLATIN|04ZR38536J
5565|SIROLIMUS|W36ZG6FT64
5585|PHENOBARBITAL|YQE403BP4D
5588|TELMISARTAN|U5SYW473RQ
5636|IOPAMIDOL|JR13W81H44
5645|HOUSE DUST|EYO007VX98
5654|BENZPHETAMINE|0M3S43XK27
5671|METOLAZONE|TZ7V40X7VX
5684|IFOSFAMIDE|UM20QQM95Y
5688|INSULIN DETEMIR|4FT78T86XV
5696|APPLE|B423VGH5S9
5697|APRICOT|269CJD5GZ9
5698|AVOCADO|SDS87L369F
5699|BANANA|4AJZ4765R9
5700|BLACKBERRY|8A6OMU3I8L
5701|BLUEBERRY|253RUG1X1A
5702|CANTALOUPE|8QF5D5H6UH
5703|SOUR CHERRY|1L29G6428X
5704|CRANBERRY|0MVO31Q3QS
5705|DATE|H3O7QI5HY7
5706|FIG|TGD87RII2U
5707|GRAPEFRUIT|O82C39RR8C
5708|HONEYDEW MELON|RN8P45F92A
5709|LEMON|24RS0A988O
5710|LIME (CITRUS)|8CZS546954
5711|ORANGE|5EVU04N5QU
5712|PEACH|3OKE88I3QG
5713|PEAR|2ZN8DWC0YF
5714|PINEAPPLE|2A88ZO081O
5715|PLUM|67M3EQ6BE1
5716|RASPBERRY|4N14V5R27W
5717|STRAWBERRY|4J2TY8Y81V
5718|TANGERINE|KH3E3096OO
5719|WATERMELON|231473QB6R
5720|ARTICHOKE|4F3W47PLBE
5721|ASPARAGUS|Z1EJP3037Z
5722|KIDNEY BEAN|M98C8416QO
5723|LIMA BEAN|112YH1ZMX2
5725|STRING BEAN|N9D69B2Q7Y
5726|BEET|N487KM8COK
5727|BROCCOLI|UOI4FT57BZ
5728|KIWI FRUIT|71ES77LGJC
5729|BRUSSELS SPROUT|KHX46H31F8
5730|CABBAGE|GW0W1Y9I97
5731|CARROT|L56Z1JK48B
5732|CAULIFLOWER|138LUT2DWV
5733|CELERY|44IDY6DTKX
5734|CORN|0N8672707O
5735|CUCUMBER|YY7C30VXJT
5736|EGGPLANT|W5K7RAS4VK
5737|GREEN BELL PEPPER|4J4DOU3HEK
5738|LENTIL|6O38V6B52O
5739|LETTUCE|5PO6NN3RRJ
5740|CULTIVATED MUSHROOM|54C8E6W6JY
5741|BLACK OLIVE|2M6QWV94OC
5742|GREEN OLIVE|6HD2W46UEG
5743|ONION|492225Q21H
5744|PARSLEY|58FMD0Q0EV
5745|PEA|W4X7H8GYFM
5746|SWEET POTATO|M9WGG9Z9GK
5747|POTATO|CFE1S8DYWD
5748|ALLERGENIC EXTRACT- PUMPKIN CUCURBITA PEPO|SYW0QUB89Y
5749|RAPHANUS SATIVUS|86R5J6D01D
5750|RHUBARB|G280W4MW6E
5751|SOYBEAN|L7HT8F1ZOD
5752|SPINACH|6WO75C6WVB
5753|SQUASH|9961HBA483
5754|TOMATO|Z4KHF2C175
5755|TURNIP|Z38C7FBM49
5756|ALMOND|3Z252A2K9G
5757|BRAZIL NUT|XKR79OET1K
5758|CASHEW|3H5U5CX7KO
5759|COCONUT|3RT3536DHY
5760|ENGLISH WALNUT|1V3SHR7QB7
5761|HAZELNUT|IW0OM96F6O
5762|PEANUT|QE1QX6B99R
5763|PECAN|F14P91GB5F
5764|PISTACHIO|6815CPT6ZJ
5765|BARLEY|5PWM7YLI7R
5766|BUCKWHEAT|N0Y68724R3
5767|OAT|Z6J799EAJK
5768|RICE|659G217HPG
5769|RYE|0R4AQI398X
5770|WHEAT|4J2I0SN84Y
5771|MACADAMIA NUT|Y5432RGW8N
5772|NECTARINE|65KD9TD4C3
5773|MANGO|I629I3NR86
5774|PAPAYA|KU94FIY6JB
5775|LEEK|RCU76P419D
5776|OKRA|51ME2L7STL
5777|PARSNIP|L2V28YP49S
5778|CHICKPEA|N91637DNW9
5779|BLACK-EYED PEA|786YV7B602
5780|WATERCRESS|K5877MW0LE
5782|CHOCOLATE|D9108TZ9KG
5783|ARABICA COFFEE BEAN|3SW678MX72
5784|MALT EXTRACT, BARLEY|R3NBG8914U
5785|SACCHAROMYCES CEREVISIAE|978D8U419H
5786|ALLSPICE|I5GZG55B36
5787|LAURUS NOBILIS|247012Z29Q
5788|CARAWAY SEED|W2FH8O2BBE
5789|CINNAMON|5S29HWU6QB
5790|CLOVE|K48IKT5321
5791|DILL|Y05PC4JZRH
5792|GARLIC|V1V998DC17
5793|GINGER|C5529G5JPQ
5794|HORSERADISH|8DS6G120HJ
5795|LICORICE|61ZBX54883
5796|MUSTARD SEED|58RXI817UT
5797|NUTMEG|AEE24M3MQ9
5798|OREGANO|0E5AT8T16U
5799|PAPRIKA|X72Z47861V
5800|WHITE PEPPER|M29DW54Q9E
5801|PEPPERMINT FLOWERING TOP|V95R5KMY2B
5802|POPPY SEED|60RO23IR87
5803|SALVIA OFFICINALIS|065C5D077J
5805|SPEARMINT|J7I2T6IV1N
5806|GARDEN THYME|CW657OBU4N
5807|VANILLA|Q74T35078H
5808|WHEAT BRAN|6L966A1IMR
5810|BLACK PEPPER|KM66971LVF
5811|HOPS|01G73H6H83
5812|TEA LEAF|GH42T47V24
5820|GRAMICIDIN|5IE62321P4
5833|ESTROGENS, ESTERIFIED|3ASP8Q3768
5843|RIMANTADINE|0T2EF4JQTU
5862|FORMOTEROL|5ZZ84GCW8B
5869|ESTRADIOL|4TI98Z838E
5930|RABBIT|O5V0F26RUW
5958|FLURBIPROFEN|5GRO578KLP
5973|CYTARABINE|04079A1RDZ
5976|ACARBOSE|T58MSI464G
6004|PANAX GINSENG WHOLE|9L5JEP7MES
6013|DARIFENACIN|APG9819VLM
6038|COCOA BUTTER|512OYT1CRR
6041|AMANTADINE|BF4C9Z1J53
6061|NARATRIPTAN|QX3KXL1ZA2
6077|TINIDAZOLE|033KF7V46H
6091|CANIS LUPUS FAMILIARIS HAIR|05S7L91ZTR
6095|IVA ANNUA VAR. ANNUA POLLEN|Y2U5S5PF22
6096|CARYA TOMENTOSA POLLEN|G2A764T54B
6123|PERIPLANETA AMERICANA|2RQ1L9N089
6132|USTILAGO CYNODONTIS|0V3J4YEX2W
6133|SPORISORIUM CRUENTUM|GQM6LVU5V8
6167|CHENOPODIUM ALBUM POLLEN|098LKX5NCN
6168|AMARANTHUS RETROFLEXUS POLLEN|73B14PX5FW
6169|SALSOLA KALI POLLEN|2MH135KC6G
6170|RUMEX ACETOSELLA POLLEN|N52MIQ81ZW
6196|CLADOSPORIUM HERBARUM|O64JF11198
6199|POLYCARBOPHIL|W25LM17A4W
6203|MOMETASONE FUROATE|04201GDN4R
6221|SAXAGLIPTIN ANHYDROUS|8I7IO46IVQ
6243|ARMODAFINIL|V63XWA605I
6256|INDINAVIR|5W6YA9PKKH
6269|CEFIXIME ANHYDROUS|XZ7BG04GJX
6276|INTERFERON GAMMA-1B|21K6M2I7AG
6292|LACTIC ACID, DL-|3B8D35Y7S4
6302|ACRIVASTINE|A20F9XAI7W
6315|RISEDRONIC ACID|KM2Z91756Z
6364|PROPANTHELINE|1306V2B0Q8
6432|UNOPROSTONE|6X4F561V3W
6468|LEVOCARNITINE|0G389FZZ9M
6471|SHARK LIVER OIL|4B24275HEU
6545|PETROLATUM	|4T6H12BN9U
6621|CONIVAPTAN|0NJ98Y462X
6628|PLANTAGO SEED|9C60Y73166
6630|DEXMETHYLPHENIDATE|M32RH9MFGP
6639|PROPOFOL|YI7VU623SF
6667|CEFACLOR|69K7K19H4L
6668|OXYTOCIN|1JQS135EYN
6685|CROMOLYN|Y0TK0FS77W
6738|SULFADIAZINE|0N7609K889
6742|AFATINIB|41UD74L59M
6786|ETOMIDATE|Z22628B598
6805|AZTREONAM|G2B4VE5GH8
6822|HYDROXYPROLINE|RMB44WO89X
6834|COLLAGENASE CLOSTRIDIUM HISTOLYTICUM|9X7O8V25IT
6857|ACETYLCYSTEINE|WYQ7N0BPYC
6872|METHSCOPOLAMINE|VDR09VTQ8U
6878|.GAMMA.-AMINOBUTYRIC ACID|2ACZ6IPC6I
6895|MEGESTROL|EA6LD1M70M
6907|BACITRACIN A|DDA3RRX0P7
6927|TELAVANCIN|XK134822Z0
6932|CHLORCYCLIZINE|M26C4IP44P
7006|MEXILETINE|1U511HHV4Z
7015|NAFCILLIN|4CNZ27M7RV
7058|PENICILLIN V|Z61I075U2W
7107|OBINUTUZUMAB|O43472U9X8
7109|DENOSUMAB|4EQZ6YO2HI
7110|FLAVOXATE|3E74Y80MEY
7144|NADOLOL|FEN504330V
7154|METHYLDOPA|56LH93261Y
7212|CEFAZOLIN|IHS69L0Y4T
7254|FAT, HARD|8334LX7S21
7340|HETASTARCH|875Y4127EA
7346|GLYCOPYRRONIUM|A14FB57V1D
7386|CARBIDOPA|MNX7R8C5VO
7400|EUGENOL|3T8H1794QW
7401|MESALAMINE|4Q81I59GXC
7451|TENIPOSIDE|957E6438QA
7454|THYROID, UNSPECIFIED|0B4FDL9I6P
7541|KOCHIA SCOPARIA POLLEN|07A108ZKW5
7564|MERCAPTOPURINE ANHYDROUS|PKK6MUZ20G
7575|CEPHALEXIN|OBN7UDS42Y
7583|INSULIN HUMAN|1Y17CTI5SR
7593|HISTAMINE|820484N8I3
7615|SALICYLIC ACID	|O414PZ4LPZ
7620|ENALAPRILAT ANHYDROUS|Q508Q118JM
7645|MERADIMATE|J9QGD60OUZ
7667|KHUSKIA ORYZAE|VK8C112WTS
7672|TORSEMIDE|W31X2H97FB
7706|IMIPENEM ANHYDROUS|Q20IM7HE75
7707|CILASTATIN|141A6AMN38
7739|BLUEFISH|79U8P8X3Q5
7744|TOLBUTAMIDE|982XCM1FOI
7748|COLESEVELAM|1XU104G55N
7778|DISULFIRAM|TR3MLJ1UAI
7782|COLESTIPOL|K50N755924
7783|TOLAZAMIDE|9LT1BRO48Q
7799|PODOFILOX|L36H50F353
7801|RIFAPENTINE|XJM390A33U
7810|AMPHOTERICIN B|7XU7A7DROE
7821|MEPROBAMATE|9I7LNY769Q
7890|CERAMIDE 3|4370DF050B
7896|PANTHENOL|WV9CM0O67Z
7898|NADIDE|0U46U6E8UK
7925|FLURAZEPAM|IHP475989U
7944|BUTORPHANOL|QV897JC36D
8009|HUMAN HEPATITIS B VIRUS IMMUNE GLOBULIN|XII270YC6M
8072|COTTON SEED|DI0ZRJ0MXN
8132|TEMAZEPAM|CHB1QD2QSS
8157|TOLTERODINE|WHE7A56U7K
8165|ETHOSUXIMIDE|5SEH9X1D1D
8170|ENALAPRILAT|GV0O7ES0R3
8172|ETHAMBUTOL|8G167061QZ
8177|SPINOSAD|XPA88EAP6V
8188|FELODIPINE|OL961R6O2C
8201|NALTREXONE|5S6W795CQM
8250|AMYL NITRITE|22T8Z09XAK
8253|DOPAMINE|VTD58H1Z2X
8291|ROCURONIUM|WRE554RFEZ
8386|CALCIUM GLUCEPTATE|L11651398J
8392|AMOXAPINE|R63VQ857OT
8397|RALOXIFENE|YX9162EO3I
8412|ATOMOXETINE|ASW034S0B8
8429|CLOMIPRAMINE|NUV44L116D
8431|FLUTAMIDE|76W6J0943E
8432|UREA, C-14|WBZ6M63TEE
8433|TRANDOLAPRILAT|RR6866VL0O
8447|FENOPROFEN|RA33EAC7KY
8526|RILPIVIRINE|FI96A8X663
8528|FLUVASTATIN|4L066368AS
8540|BALSALAZIDE|P80AL8J7ZP
8545|LINAGLIPTIN|3X29ZEJ4R2
8551|FLUORIDE ION F-18|4M4WE5N2GE
8570|NOREPINEPHRINE|X4W3ENH1CV
8577|DIDANOSINE|K3GDH6OH08
8627|CEFEPIME|807PW4VQE3
8631|TRANYLCYPROMINE|3E3V44J4Z9
8650|ACTIVATED CHARCOAL|2P3VWU3H10
8658|CASTOR OIL|D5340Y2I9G
8665|LIOTHYRONINE|06LU7C9H1V
8685|ARTICAINE|D3SQ406G9X
8689|THEOPHYLLINE ANHYDROUS|0I55128JYK
8693|TIMOLOL|817W3C6175
8713|PHENDIMETRAZINE|AB2794W8KV
8716|CABOZANTINIB|1C39JW444G
8728|NABILONE|2N4O9L084N
8743|OLMESARTAN|8W1IQP3U10
8762|QUININE|A7V27PHC7A
8773|FILGRASTIM|PVI5M0M1GW
8786|ACAMPROSATE|N4K14YGM3J
8788|UROCHLOA MUTICA POLLEN|3ZO9YGZ8ZJ
8811|TERAZOSIN|8L5014XET7
8861|PENTAGASTRIN|EF0NX91490
8862|ETONOGESTREL|304GTH6RNH
8864|DELAVIRDINE|DOL5F9JD3E
8867|CHLOROQUINE|886U3H6UFF
8874|PRAMIPEXOLE|83619PEU5T
8897|LEVOCETIRIZINE|6U5EA9RT2O
8915|TRIMIPRAMINE|6S082C9NDT
8934|DESLORATADINE|FVF865388R
8965|ITRACONAZOLE|304NUG5GF4
8971|PALIFERMIN|QMS40680K6
8985|ESOMEPRAZOLE|N3PA6559FT
8989|IRON DEXTRAN|95HR524N2M
8996|ALPHA-TOCOPHEROL SUCCINATE, D-|LU4B53JYVE
9002|CALCIUM PANTOTHENATE|568ET80C3D
9005|FAMOTIDINE	|5QZO15J2Z8
9033|PENTOXIFYLLINE|SD6QCT3TSU
9066|BROMOTHEOPHYLLINE|FZG87K1MQ6
9068|RACEPINEPHRINE|GR0L9S3J0F
9076|ADAPALENE|1L4806J2QF
9134|MONOFLUOROPHOSPHATE ION|4964UZ79MI
9144|EPROSARTAN|2KH13Z0S0Y
9160|CROTAMITON|D6S4O4XD0H
9166|THALLOUS CATION TL-201|4877X14G4C
9196|RABEPRAZOLE|32828355LL
9226|THYROID, PORCINE|6RV024OAUQ
9340|BLEOMYCIN|40S1VHN69B
9343|DIFLORASONE|T2DHJ9645W
9371|MANGANESE|42Z2K6ZL8P
9516|OXYMORPHONE|9VXA968E0C
9533|MANGANESE CATION (2+)|H6EP7W5457
9534|SELENITE ION|KXO0259XJ1
9538|DICLOXACILLIN|COF19H7WBK
9589|SUS SCROFA PLACENTA|C8CV8867O8
9618|AMMONIA|5138Q19F1X
9627|ABIRATERONE|G819A456D0
9632|METHYLDOPA ANHYDROUS|M4R0H12F6M
9649|DIHYDROCODEINE|N9I9HDB855
9654|LEUCOVORIN CALCIUM|RPR1R4C0P4
9690|CAPTOPRIL|9G64RSX1XD
9700|POLYETHYLENE GLYCOL|3WJQ0SDW1A
9708|CALCIUM GLYCEROPHOSPHATE|XWV9Z12C1C
9712|SELEGILINE|2K1V7GP655
9721|SODIUM|9NEZ333N27
9730|ANAKINRA|9013DUQ28K
9767|DIHYDROERGOTAMINE|436O5HM03C
9777|PYRIDOSTIGMINE|19QM69HH21
9843|TICARCILLIN|F93UJX4SWT
9851|IOXAGLIC ACID|Z40X7EI2AF
9871|VINCRISTINE|5J49Q6B70F
9873|TERBUTALINE|N8ONU3L3PG
9926|BUTENAFINE|91Y494NL0X
9941|CAMPHOR|5TJD82A1ET
9948|MEFLOQUINE|TML814419R
9950|TRAMETES VERSICOLOR FRUITING BODY|4C900477MT
9961|TERCONAZOLE|0KJ2VE664U
9969|GALSULFASE|59UA429E5G
10060|ETODOLAC|2M36281008
10067|ACHETA DOMESTICUS|P9S201X6LH
10095|MILLET SEED|TJR6B3R47P
10287|XANTHAN GUM|TTV12P4NEE
10316|LIGHT GREEN SF YELLOWISH|3F7BHA64Z0
10324|METHYLNALTREXONE|0RK7M7IABE
10341|SUFENTANIL|AFE2YW0IIZ
10349|IOVERSOL|N3RIB7X24K
10369|INGENOL MEBUTATE|7686S50JAH
10390|PEGINTERFERON ALFA-2B|G8RGG88B68
10429|QUINAPRILAT|34SSX5LDE5
10444|FOLLITROPIN|076WHW89TW
10465|TROSPIUM |T4Y8ORK057
10479|PREZATIDE COPPER|6BJQ43T1I9
10480|DOXAPRAM|94F3830Q73
10520|ISOMETHEPTENE|Y7L24THH6T
10521|CHLORAL HYDRATE|418M5916WG
10539|VISMODEGIB|25X868M3DS
10545|AZELAIC ACID|F2VW3D43YT
10590|DOXYCYCLINE|N12000U13O
10600|FESTUCA PRATENSIS POLLEN|A0WFQ8P6N1
10604|ALLERGENIC EXTRACT- ORCHARD GRASS DACTYLIS GLOMERATA|83N78IDA7P
10608|AGROSTIS GIGANTEA POLLEN|HU8V6E7HOA
10612|ALLERGENIC EXTRACT- RYEGRASS, PERENNIAL LOLIUM PERENNE|4T81LB52R0
10616|ANTHOXANTHUM ODORATUM POLLEN|2KIK19R45Y
10620|PHLEUM PRATENSE POLLEN|65M88RW2EG
10674|DALTEPARIN|S79O08V79F
10738|SAQUINAVIR|L3JE09KZ2F
10755|ESMOLOL|MDY902UXSR
10756|PENTETIC ACID|7A314HQM0I
10774|PALONOSETRON|5D06587D6R
10866|ZONISAMIDE|459384H98V
10871|RAMIPRIL|L35JN3I7SJ
10941|COLFOSCERIL PALMITATE|319X2NFW0A
10942|1-PALMITOYL-2-OLEOYL-SN-GLYCERO-3-(PHOSPHO-RAC-(1-GLYCEROL))|F72017VPR7
10943|PALMITIC ACID|2V16EO95H1
10944|SINAPULTIDE|040X3AX99T
10952|OLOPATADINE|D27V6190PM
10955|CLORAZEPIC ACID|D51WO0G0L4
10970|PAMIDRONIC ACID|OYY3447OMC
10983|SCOPOLAMINE|DL48G20X8X
11079|CITRIC ACID|2968PHW8QP
11092|LAGERSTROEMIA INDICA WHOLE|N47D84L52F
11116|TARAXACUM OFFICINALE POLLEN|WQ3S5294XY
11117|ATRIPLEX POLYCARPA POLLEN|JQ87AA60GU
11118|BACCHARIS HALIMIFOLIA POLLEN|BBO1IJ3ZIW
11119|HYMENOCLEA SALSOLA POLLEN|662J7FTA7T
11120|XANTHIUM STRUMARIUM POLLEN|2QOF601J1M
11121|RUMEX CRISPUS|S9T422Q956
11122|EUPATORIUM CAPILLIFOLIUM POLLEN|B67NF86HF0
11124|SOLIDAGO CANADENSIS POLLEN|644CZ16IR5
11125|AMARANTHUS TUBERCULATUS POLLEN|92N6W6KO2G
11126|ALLENROLFEA OCCIDENTALIS POLLEN|5W6JAI84OI
11128|ATRIPLEX LENTIFORMIS POLLEN|86LWA5503I
11129|IVA ANGUSTIFOLIA POLLEN|UBW6O1H50I
11131|CHENOPODIUM AMBROSIOIDES POLLEN|WIB701MW2H
11132|ARTEMISIA VULGARIS POLLEN|ANT994T71D
11133|ARTEMISIA LUDOVICIANA POLLEN|57KIJ4772H
11134|URTICA DIOICA POLLEN|DNB59M1NVU
11135|AMARANTHUS PALMERI POLLEN|1GH3WV23KH
11137|AMARANTHUS SPINOSUS POLLEN|380W4HYR6N
11139|IVA AXILLARIS POLLEN|13KFG30UBR
11140|AMBROSIA DELTOIDEA POLLEN|O4AB4546TP
11141|CELTIS OCCIDENTALIS POLLEN|68R9X9Y96X
11142|AILANTHUS ALTISSIMA POLLEN|2A64U81OQ3
11143|AMBROSIA ACANTHICARPA POLLEN|U2AI3H2J5Y
11144|SARCOBATUS VERMICULATUS POLLEN|6532U64A3X
11147|ARTEMISIA TRIDENTATA POLLEN|YI19RB8YFD
11148|ATRIPLEX WRIGHTII POLLEN|YB1308W43O
11151|ATRIPLEX CANESCENS POLLEN|26U0BU8G83
11152|ARTEMISIA ABSINTHIUM POLLEN|81GS97HVFO
11154|RUMEX CRISPUS POLLEN|V825XJG64G
11217|CYCLOPENTOLATE|I76F4SHP7J
11227|TARTARIC ACID|W4888I119H
11232|SENNA LEAF|AK7JF626KX
11269|PHENYL TRIMETHICONE|DR0K5NOJ4R
11278|ARIPIPRAZOLE|82VFR53I78
11282|DIFLUNISAL|7C546U4DEN
11300|FLUOCINOLONE ACETONIDE|0CD5FD6S2M
11334|IODOQUINOL|63W7IE88K8
11349|GLYCOPYRROLATE|V92SO9WP2I
11354|CHLOROPROCAINE|5YVB0POT2H
11360|LEVORPHANOL|27618J1N2X
11427|LARONIDASE|WP58SVM6R4
11447|CLEMASTINE|95QN29S1ID
11452|DEMECLOCYCLINE|5R5W9ICI6O
11489|FLUNISOLIDE|QK4DYS664X
11490|CLOZAPINE|J60AR2IKIC
11496|CORTISONE|V27W9254FZ
11524|ALUMINUM|CPD4NFA903
11545|TRIHEXYPHENIDYL|6RC5V8B7PO
11556|ILOPROST|JED5K35YGL
11560|HYDROXYETHYL CELLULOSE (2000 MPA.S AT 1%)|S38J6RZN16
11569|MINOCYCLINE|FYY3R43WGO
11582|NARDOSTACHYS CHINENSIS WHOLE|FJ4AE60Q9V
11643|ALISKIREN|502FWN4Q32
11700|BETAINE|3SCV180C9W
11701|TALC|7SEV7J4R1U
11707|EPOPROSTENOL|DCR9Z582X0
11748|ALUMINUM ZIRCONIUM PENTACHLOROHYDREX GLY|94703016SM
11811|POLYETHYLENE GLYCOL 300|5655G9Y8AQ
11932|BENDROFLUMETHIAZIDE|5Q52X6ICJI
11953|CLOCORTOLONE|N8ZUB7XE0H
11984|IBUTILIDE|2436VX1U9B
12002|PYRIMETHAMINE|Z3614QOX8W
12091|ERGOTAMINE|PR834Q503T
12097|GLYCOL SALICYLATE|3I1VBB7AXH
12098|NONIVAMIDE|S846B891OR
12108|TEMOZOLOMIDE|YF1K15M17Y
12143|PRALIDOXIME CATION|P7MU9UTP52
12158|PENTOSAN POLYSULFATE|F59P8B75R4
12192|LIGHT MINERAL OIL|N6K5787QVP
12220|IOTHALAMIC ACID|16CHD79MIX
12243|DANTROLENE|F64QU97QCR
12260|PACLITAXEL|P88XT4IS4D
12301|MEMANTINE|W8O17SJF3T
12323|PROTIRELIN|5Y5F15120W
12351|ROSUVASTATIN|413KH5ZJ73
12355|RIVASTIGMINE|PKI06M3IW0
12367|ELM|63POE2M46Y
12389|BETIATIDE|9NV2SR34P8
12443|BECLOMETHASONE|KGZ1SLC28Z
12458|EPIRUBICIN|3Z8479ZZ5X
12500|POSACONAZOLE|6TK1G07BHZ
12511|GALANTAMINE|0D3Q044KCA
12565|CHENODIOL|0GEI24LG0J
12598|KETAMINE|690G0D6V8H
12691|NEOSTIGMINE|3982TWQ96G
12775|METHYL NICOTINATE|7B1AVU9DJN
12798|ALITRETINOIN|1UA8E65KDZ
12848|VANDETANIB|YO460OQ37K
12935|COBALAMIN|8406EY2OQA
12946|ISOTRETINOIN|EH28UP18IF
12995|METHYLCELLULOSE (4000 CPS)|MRJ667KA5E
13090|QUINIDINE|ITX08688JL
13091|ILOPERIDONE|VPO7KJ050N
13106|THONZYLAMINE|R79646H5Z8
13183|OSELTAMIVIR|20O93L6F9H
13199|DEFEROXAMINE|J06Y7MXW4D
13263|CEFPODOXIME|7R4F94TVGY
13343|CARGLUMIC ACID|5L0HB4V1EW
13359|EDETIC ACID|9G34HU7RV0
13366|ROSE BENGAL AT|1IID5XA5GB
13382|OXANDROLONE|7H6TM3CT4L
13397|ACITRETIN|LCH760E9T7
13399|ICOSAPENT|AAN7QOV9EA
13404|ALPHA-TOCOPHEROL, D-|N9PR3490H9
13463|PENTAMIDINE|673LC5J4LQ
13485|DEXPANTHENOL|1O6C93RI7Z
13571|DIMENHYDRINATE|JB937PER5C
13584|ZAFIRLUKAST|XZ629S5L50
13589|CINACALCET|UAZ6V7728S
13599|BORTEZOMIB|69G8BD63PP
13619|NAFTIFINE|4FB1TON47A
13662|POLYSTYRENE SULFONIC ACID|70KO0R01RY
13675|AMILORIDE|7DZO8EB0Z3
13678|INSULIN LISPRO|GFX7QIS1II
13681|PERINDOPRIL|Y5GMK36KGY
13794|SULINDAC|184SNS8VUH
13806|NEBIVOLOL|030Y90569U
13838|CRYPTHECODINIUM COHNII DHA OIL|8ZJ335A17J
13859|INDAPAMIDE|F089I0511L
13891|CHLORPROPAMIDE|WTM2C3IL2X
13921|FESOTERODINE|621G617227
13964|BOMBYX MORI FIBER|6LK42KUV6W
13970|IRINOTECAN|7673326042
14137|CAMPHOR OIL|75IZZ8Y727
14157|THIOTHIXENE|7318FJ13YJ
14182|IODIDE ION I-123|98QPV8670C
14229|METHYLERGONOVINE|W53L6FE61V
14239|APIS MELLIFERA VENOM|76013O881M
14240|DOLICHOVESPULA MACULATA VENOM PROTEIN|J8DAZ3T66L
14241|POLISTES ANNULARIS VENOM PROTEIN|987GS3GJZX
14242|POLISTES EXCLAMANS VENOM PROTEIN|L0L5D5D9BQ
14243|POLISTES FUSCATUS VENOM PROTEIN|AKT0E6058K
14244|POLISTES METRICUS VENOM PROTEIN|ZN217W5Y50
14245|VESPULA GERMANICA VENOM PROTEIN|8SH7583MUK
14246|VESPULA MACULIFRONS VENOM PROTEIN|V34908RT03
14247|VESPULA PENSYLVANICA VENOM PROTEIN|Q79PS8P34R
14248|VESPULA SQUAMOSA VENOM PROTEIN|D7974DM2EJ
14249|VESPULA VULGARIS VENOM PROTEIN|S125N1F5X5
14251|DOLICHOVESPULA ARENARIA VENOM PROTEIN|7PI26E943G
14284|PYRIDOXAL 5-PHOSPHATE|F06SGE49M6
14318|EMEDASTINE|9J1H7Y9OJV
14319|CIDOFOVIR ANHYDROUS|768M1V522C
14327|SOY ISOFLAVONES|71B37NR06D
14337|VARENICLINE|W6HS99O8ZO
14349|AMINOCAPROIC ACID|U6F3787206
14350|GLYCYRRHIZINATE DIPOTASSIUM|CA2Y0FE3FX
14352|CURCUMA XANTHORRHIZA OIL|F8VF0V2G7H
14353|SEA SALT |87GE52P74G
14379|AMIFOSTINE ANHYDROUS|ILA426L95O
14397|LEVOMENTHOL|BZ1R15MTK7
14400|TREPROSTINIL|RUM6K67ESG
14468|DASATINIB ANHYDROUS|X78UG0A0RN
14500|PHENYLBUTYRIC ACID|7WY7YBI87E
14586|TEGASEROD|458VC51857
14619|MOXIFLOXACIN|U188XYD42P
14656|TELAPREVIR|655M5O3W0U
14816|AFLIBERCEPT|15C2VL427D
14838|THEOPHYLLINE, ANHYDROUS|0I55128JYK
14842|FLUDARABINE|P2K93U8740
14885|ANGELICA DAHURICA ROOT |1V63N2S972
14886|FLURANDRENOLIDE|8EUL29XUQT
14975|MEDRONIC ACID|73OS0QIN3O
15092|NALBUPHINE|L2T84IQI2K
15101|SINCALIDE|M03GIQ7Z6P
15109|DIETHYLAMINO HYDROXYBENZOYL HEXYL BENZOATE|ANQ870JD20
15120|INDIGOTINDISULFONIC ACID|X7OI7JF73P
15121|FOSFOMYCIN|2N81MY12TE
15265|PASPALUM NOTATUM POLLEN|V003SHB7VK
15269|DACTYLIS GLOMERATA POLLEN|83N78IDA7P
15270|LOLIUM PERENNE POLLEN|4T81LB52R0
15395|AMMONIUM CATION|54S68520I4
15453|DARUNAVIR|YO603Y8113
15470|BUTOCONAZOLE|0Q771797PH
15542|AMIFOSTINE|M487QF2F4V
15572|HYDROCORTISONE BUTYRATE|05RMF7YPWN
15602|ROSUVASTATIN CALCIUM|83MVU38M7Q
15607|ALUMINUM ZIRCONIUM PENTACHLOROHYDREX  GLY|94703016SM
15750|CAPSICUM|00UK7646FG
15786|SNAIL, UNSPECIFIED|2VIO5GL90I
15848|BENZOIN|L7J6A1NE81
15849|ALOE VERA LEAF|ZY81Z83H0X
15850|BALSAM PERU|8P5F881OCY
15851|LIQUIDAMBAR STYRACIFLUA RESIN|P41GWD11CX
15898|FLUCYTOSINE|D83282DT06
15953|ENZALUTAMIDE|93T0T9GKNU
15981|COLISTIMETHATE|DL2R53P963
16005|GLUTATHIONE|GAN16C9B8O
16021|DIPYRITHIONE|9L87N86R9A
16065|RETINOL|G2SH0XKK91
16147|VINORELBINE|Q6C979R91Y
16219|TRIFLURIDINE|RMW9V5RW38
16291|NATALIZUMAB|3JB47N2Q2P
16311|CEFTIBUTEN|IW71N46B4Y
16390|CLIDINIUM|BO76JF850N
16472|DOXORUBICIN|80168379AG
16479|FLOXURIDINE|039LU44I5M
16488|CHLORAMBUCIL|18D0SL7309
16528|2-ETHYLHEXYL 4-PHENYLBENZOPHENONE-2'-CARBOXYLATE|93NOD9WBCS
16530|BENZOPHENONE|701M4TTV9O
16557|ZOLEDRONIC ACID ANHYDROUS|70HZ18PH24
16615|CARBOPLATIN|BG3F62OND5
16622|ROSIGLITAZONE|05V02F2KDG
16661|TRIMETHADIONE|R7GV3H6FQ4
16679|MITOXANTRONE|BZ114NVM5P
16698|ALPHA-1-PROTEINASE INHIBITOR HUMAN|F43I396OIS
16706|CLOMIPHENE|1HRS458QU2
16717|PALMITOYL OLIGOPEPTIDE|HO4ZT5S86C
16718|HUMAN EPIDERMAL GROWTH FACTOR|TZK30RF92W
16719|MECASERMIN|7GR9I2683O
16720|BASIC FIBROBLAST GROWTH FACTOR (HUMAN)|S3529G9M9V
16721|THIOREDOXIN|XJZ418133Z
16846|HOMATROPINE METHYLBROMIDE|68JRS2HC1C
16916|MELPHALAN|Q41OR9510P
17020|CHLORAL|FLI06WS32H
17085|BELIMUMAB|73B0K5S26A
17112|TECHNETIUM TC-99M TILMANOCEPT|8IHI69PQTC
17146|AURANOFIN|3H04W2810V
17159|POLYSILICONE-15|F8DRP5BB29
17173|ATORVASTATIN CALCIUM|48A5M73Z4Q
17185|SULCONAZOLE|5D9HAA5Q5S
17215|HOMOSALATE	|V06SV4M95S
17216|OCTINOXATE	|4Y5P7MUD51
17217|OCTISALATE	|4X49Y0596W
17219|AVOBENZONE	|G63QQF2NOX
17220|OCTOCRYLENE	|5A68WGF6WM
17234|GOLD|79Y1949PYO
17279|MICAFUNGIN|R10H71BSWG
17331|DANAZOL|N29QWW3BUO
17398|ALPROSTADIL|F5TD010360
17485|HEXYLRESORCINOL|R9QTB5E82N
17610|INFLIXIMAB|B72HH48FLU
17742|IODIDE I-131|I5X6L61HUT
17770|INTERFERON BETA-1B|TTD90R31WZ
17824|LINOLENIC ACID|0RBV727H71
17825|CALCIUM ASCORBATE|183E4W213W
17826|CALCIUM THREONATE|HBB4YPO93U
17836|FERROUS ASPARTO GLYCINATE|H7426RGB3L
17909|ALCLOXA|18B8O9DQA2
17995|NEDOCROMIL|0B535E0BN0
18025|PHENELZINE|O408N561GF
18107|CARFILZOMIB|72X6E3J5AR
18124|LEVOMENOL|24WE03BX2T
18181|BESIFLOXACIN|BFE2NBZ7NX
18185|AMINOHIPPURIC ACID|Y79XT83BJ9
18252|CYCLOMETHICONE 5|0THT5PCI0R
18311|ASIAN GINSENG|CUQ3A77YXI
18341|LEVONORDEFRIN|V008L6478D
18369|CARMUSTINE|U68WG3173Y
18516|DACTINOMYCIN|1CC1JFE158
18517|BISMUTH|U015TT5I8H
18593|ENZACAMENE|8I3XWY40L9
18677|QUINAPRIL|RJ84Y44811
18691|DRONABINOL|7J8897W37S
18699|DRONEDARONE|JQZ1L091Y2
18780|METHAZOLAMIDE|W733B0S9SD
18807|PREDNICARBATE|V901LV1K7D
18817|DESFLURANE|CRS35BZ94Q
18818|GATIFLOXACIN|L4618BD7KJ
18855|OXYQUINOLINE|5UTX5635HP
18895|PENICILLIN G|Q42T66VG0C
18903|ETOPOSIDE|6PLQ3CP4P3
18920|SUCCINYLCHOLINE|J2R869A8YF
18999|GEMCITABINE|B76N6SBZ8R
19058|UREA C-13|W6KX9E6D8X
19111|POLYETHYLENE GLYCOL 3500|FVS1AZD90Y
19142|PROPYLTHIOURACIL|721M9407IY
19221|BEPOTASTINE|HYD2U48IAS
19263|TETROFOSMIN|3J0KPB596Q
19307|LOTEPREDNOL ETABONATE|YEH1EZ96K6
19328|TILUDRONIC ACID|6PNS59HP4Y
19345|SUNITINIB|V99T50803M
19393|TRYPAN BLUE|I2ZWO3LS3M
19425|PYROPHOSPHORIC ACID|4E862E7GRQ
19428|GENTIAN VIOLET CATION|3GVJ31T6YY
19449|RESERPINE|8B1QWR724A
19456|AMBRISENTAN|HW6NV07QEC
19459|EGG PHOSPHOLIPIDS|1Z74184RGV
19506|POLOXAMER 407|TUF2IVW3M2
19520|PALIPERIDONE|838F01T721
19545|ALGLUCOSIDASE ALFA|DTI67O9503
19560|ECHINACEA PURPUREA|QI7G114Y98
19564|PULSATILLA VULGARIS|I76KB35JEV
19565|ATROPA BELLADONNA|WQZ3G9PF0H
19567|DYCLONINE|078A24Q30O
19715|CHOLINE C-11|M4AS4XGD4Q
19826|CAPSICUM OLEORESIN|UW86K581WY
19868|BETAMETHASONE DIPROPIONATE|826Y60901U
19874|PANCRELIPASE|FQ3DRG0N5K
19968|POTASSIUM ION|295O53K152
20057|COLLOIDAL SILICON DIOXIDE|ETJ7Z6XBU4
20151|LUBIPROSTONE|7662KG2R6K
20207|EXENATIDE|9P1872D4OL
20216|COLISTIN|Z67X93HJG1
20218|THONZONIUM BROMIDE|JI2B19CR0R
20240|AMINOPHYLLINE|27Y3KJK423
20278|HYALURONIDASE, OVINE|64R4OHP8T0
20285|SAMARIUM SM-153|6Q1KA41UWM
20330|HEXAMINOLEVULINATE|G7H20TKI67
20332|MODAFINIL|R3UK8X3U3D
20366|VECURONIUM|5438723848
20476|ALDESLEUKIN|M89N0Q7EQR
20490|NATEGLINIDE|41X3PWK4O2
20502|ATAZANAVIR|QZU4H47A3S
20555|ADEFOVIR|6GQP90I798
20678|OMACETAXINE|84MI6OYN4Z
20809|REPAGLINIDE|668Z8C33LU
20848|SECRETIN HUMAN|A0426J905J
20859|AMERICAN CHESTNUT|0XH1TH76XZ
20900|DISOPYRAMIDE|GFO928U8MQ
20911|ACETATE ION|569DQM74SC
21062|LINEZOLID|ISQ9I6J12J
21115|MANNITOL|3OWL53L36A
21144|VINBLASTINE|5V9KLZ54CY
21232|DIMERCAPROL|0CPP32S55X
21292|IODIPAMIDE|TKQ858A3VW
21324|ISOPROTERENOL|L628TT009W
21352|THROMBIN|25ADE2236L
21365|DECITABINE|776B62CQ27
21393|THERMUS THERMOPHILUS LYSATE|775R692494
21406|TENECTEPLASE|WGD229O42W
21434|HYPOCHLOROUS ACID|712K4CDC10
21467|PERINDOPRILAT|2UV6ZNQ92K
21530|FLUPHENAZINE DECANOATE|FMU62K1L3C
21651|EPLERENONE|6995V82D0B
21665|ETHIONAMIDE|OAY8ORS3CQ
21696|CYSTEINE|K848JZ4886
21699|N-ACETYL-TYROSINE|DA8G610ZO5
21707|TAURINE|1EQV5MLY3D
21743|THALIDOMIDE|4Z8R6ORS6L
21783|CEFTIZOXIME|C43C467DPE
21807|CEFADROXIL|280111G160
21810|CYCLOSERINE|95IK5KI84Z
21847|COAGULATION FACTOR IX HUMAN|6U90Y1795T
22127|CISATRACURIUM|QX62KLI41N
22217|PANAX GINSENG FRUIT|E35T4MOI3E
22352|NISOLDIPINE|4I8HAB65SZ
22374|BIVALIRUDIN|TN9BEX005G
22464|ALMOTRIPTAN|1O4XL5SN61
22498|NITAZOXANIDE|SOA12P041N
22500|FOSPHENYTOIN|B4SF212641
22581|DOCETAXEL ANHYDROUS|699121PHCA
22645|MENTHYL SALICYLATE|43XOA705ZD
22662|SULFISOXAZOLE|740T4C525W
22759|CHOLINE|N91BDP6H0X
22877|ROMIDEPSIN|CX3T89XQBK
22883|TOCOPHEROL|R0ZB2556P8
22919|MEBROFENIN|7PV0B6ED98
22928|BEXAROTENE|A61RXM4375
22978|PHOSPHORUS|27YLU75U4W
23007|CEFTAROLINE|H36Z0FHR8K
23164|TICLOPIDINE|OM90ZUW7M1
23177|CEFTAZIDIME ANHYDROUS|DZR1ENT301
23209|COTTON|7S4U9R5259
23210|COTTON FIBER|70LDW53ROO
23213|CEIBA PENTANDRA FIBER|758Z9H9WV9
23214|IRIS GERMANICA VAR. FLORENTINA ROOT|M30XO5X4XD
23229|ETANERCEPT|OP401G7OJC
23272|CARBINOXAMINE|982A7M02H5
23293|RANOLAZINE|A6IEZ5M406
23380|VERTEPORFIN|0X9PA28K43
23391|LEPIRUDIN|Y43GF64R34
23399|OXACILLIN|UH95VD7V76
23448|APRACLONIDINE|843CEN85DI
23500|MECAMYLAMINE|6EE945D3OK
23547|DENILEUKIN DIFTITOX|25E79B5CTM
23604|EXEMESTANE|NY22HMQ4BX
23763|MECLOFENAMIC ACID|48I5LU4ZWD
23787|TERIPARATIDE|10T9CSU89I
23795|THIOGUANINE ANHYDROUS|WIX31ZPX66
24168|LOMUSTINE|7BRF0Z81KG
24197|CYSTEAMINE|5UX2SD1KE2
24303|TOREMIFENE|7NFE54O27T
24370|CEFACLOR ANHYDROUS|3Z6FS3IK0K
24397|HYDROXOCOBALAMIN|Q40X8H422O
24398|TRIBULUS TERRESTRIS ROOT|6WY8ROM74K
24450|POLYETHYLENE GLYCOLS|3WJQ0SDW1A
24690|CHROMIUM|0R0008Q3JB
24810|IODIDE ION I-131|4GC1FOQ22U
24816|IOBENGUANE I-123|P2TH1XYZ84
24854|ALVIMOPAN ANHYDROUS|Q153V49P3Z
24888|JOJOBA OIL|724GKU717M
24890|.ALPHA.-TOCOPHEROL ACETATE, D-|A7E6112E4N
24892|SACCHARIDE ISOMERATE|W8K377W98I
24908|INSULIN GLARGINE|2ZM8CX04RZ
25053|POLYSORBATE 80|6OZP39ZG8H
25096|COLCHICINE|SML2Y3J35T
25122|ACETOHYDROXAMIC ACID|4RZ82L2GY5
25175|GLUCONIC ACID|R4R8J0Q44B
25195|THYROID|0B4FDL9I6P
25332|METHYLCELLULOSE (4000 MPA.S)|MRJ667KA5E
25359|DOBUTAMINE|3S12J47372
25495|BENZOIC ACID|8SKN0B0MIM
26269|RHIZOPUS ARRHIZUS VAR. ARRHIZUS|8476849N1Y
26647|CHLORAMPHENICOL|66974FR9Q1
26669|PANITUMUMAB|6A901E312A
26722|PICOSULFURIC ACID|95D580798S
26805|SARGRAMOSTIM|5TAA004E22
26924|CHAETOMIUM GLOBOSUM|5016WB8B8A
26925|ACREMONIUM STRICTUM|3F36V0451W
26927|COCHLIOBOLUS SPICIFER|91M9RWP3TD
26928|BOTRYTIS CINEREA|TBW53313S7
26929|ASPERGILLUS NIGER VAR. NIGER|9IOA40ANG6
26937|EPICOCCUM NIGRUM|87U156LEN7
26941|ASPERGILLUS FLAVUS|3J888Y9L13
26944|ASPERGILLUS REPENS|SQ89E6LOME
26946|PENICILLIUM CAMEMBERTI|T069R9OPVG
26948|PENICILLIUM EXPANSUM|1XSC3BB35Z
26949|PENICILLIUM ITALICUM|AZJ5XKM7W3
26951|PENICILLIUM ROQUEFORTI|7ORP6R724L
26966|GEOTRICHUM CANDIDUM|5964J742O8
26968|CANDIDA TROPICALIS|Q222J2186W
26969|NEUROSPORA INTERMEDIA|2072U60DUI
26970|MUCOR PLUMBEUS|D7401PWY6E
26971|MUCOR RACEMOSUS|17RH99LQ7G
26981|RHODOTORULA RUBRA|15W81V867R
26984|MICROSPORUM CANIS|N4F4RQ7BY7
26985|TRICHOTHECIUM ROSEUM|TGO054E31O
26986|PASSALORA FULVA|HR6H5057CO
26988|MYROTHECIUM VERRUCARIA|W5U19AK212
26989|HYPOMYCES PERNICIOSUS|6K41G30A6U
26990|NEUROSPORA CRASSA|1X92VM01YP
26992|PAECILOMYCES VARIOTII|KO7V58BY40
26993|MICROASCUS BREVICAULIS|DHI513VXU7
26994|COLLETOTRICHUM COCCODES|Y0M7LGE3Z8
26996|STREPTOMYCES GRISEUS|G0O5980Z7W
26997|TRICHODERMA VIRIDE|T8678F0P0Q
26998|TRICHOPHYTON SCHOENLEINII|Z4MD1809H1
27029|TRICHOPHYTON MENTAGROPHYTES|199I7J3JIV
27030|TRICHOPHYTON RUBRUM|2ZAU32517N
27170|STACHYBOTRYS CHARTARUM|HJ4L70T1ZP
27187|EPIDERMOPHYTON FLOCCOSUM|6JR6JTN25S
27194|MICROSPORUM AUDOUINII|B7B86Y84R8
27202|ACROTHECIUM ROBUSTUM|C91ZMT66YA
27203|MYCOCLADUS CORYMBIFERUS|1M4E76V32I
27221|TETRACOCCOSPORIUM PAXIANUM|KSY1AWN59I
27222|VERTICILLIUM ALBO-ATRUM|X92O101CS2
27225|SPOROTRICHUM PRUINOSUM|H20KU95UBG
27227|SYNCEPHALASTRUM RACEMOSUM|2VWV12V9WR
27240|APIOSPORA MONTAGNEI|49VI1ZSO06
27243|PHYCOMYCES BLAKESLEEANUS|41Y752Y34M
27244|HUMICOLA GRISEA|RZ55S3AQOJ
27281|2,3-DIMERCAPTOSUCCINIC ACID|4S9JU7XF01
27310|TOPOTECAN|7M7YKX2N15
27323|RAMELTEON|901AS54I69
27333|N-ALKYL ETHYLBENZYL DIMETHYL AMMONIUM (C12-C14) CATION|85440928RV
27340|DROPERIDOL|O9U0F09D5X
27493|PROPOLIS WAX|6Y8XYV2NOF
27576|FROVATRIPTAN|H82Q2D5WA7
27612|TURPENTINE OIL|C5H0QJ6V7F
27626|ALPHA-TOCOPHEROL, DL-|7QWA1RIO01
27628|NILOTINIB|F41401512X
27722|DARBEPOETIN ALFA|15UQ94PT4P
27748|ESTROGENS, CONJUGATED SYNTHETIC B|8L6LAK9BTR
27763|PROCAINAMIDE|L39WTC366D
27870|LISDEXAMFETAMINE|H645GUL8KJ
27968|FERUMOXYTOL NON-STOICHIOMETRIC MAGNETITE|CLH5FT6412
28035|CERTOLIZUMAB PEGOL|UMD07X179E
28100|AZACITIDINE|M801H13NRU
28120|BOS TAURUS HAIR|TOQ97Z8644
28121|CAVIA PORCELLUS HAIR|KBA5Y6X57N
28122|ORYCTOLAGUS CUNICULUS HAIR|09N62XQ70Y
28126|SUS SCROFA HAIR|7Q7T9Z7QUW
28127|EQUUS CABALLUS HAIR|4F35XG0149
28132|SERINUS CANARIA FEATHER|9EL3384IQY
28135|ODOCOILEUS VIRGINIANUS HAIR|C27W02JU62
28139|CAPRA HIRCUS HAIR|16M9MK8C4W
28290|BORNEOL|M89NIB437X
28377|VASOPRESSIN|Y87Y826H08
28410|SUCCINIC ACID|AB6MNQ6J6L
28500|INTERFERON BETA-1A|XRO4566Q4R
28527|ANTHRALIN|U8CJK0JH5M
28570|VELAGLUCERASE ALFA|23HYE36B0I
28613|MESNA|NR7O1405Q9
28825|ACETYL HEXAPEPTIDE-3|L4EL31FWIL
28826|CENTELLA ASIATICA|7M867G6T1U
28854|NEPAFENAC|0J9L7J6V8C
28884|METHSUXIMIDE|0G76K8X6C0
28913|LANREOTIDE|0G3DE8943Y
28954|PRASUGREL|34K66TBT99
29032|NITRIC OXIDE|31C4KY9ESH
29076|TRIMETREXATE|UPN4ITI8T4
29313|CAPECITABINE|6804DJ8Z9U
29336|PEMETREXED|04Q9AIZ7NO
29395|RUFINAMIDE|WFW942PR79
29425|MECHLORETHAMINE|50D9XSG0VR
29514|SINECATECHINS|T432289GYZ
29794|ATRACURIUM|2GQ1IRY63P
29816|MOMORDICA CHARANTIA FRUIT|UA63Y8U89U
29846|IRON PROTEIN SUCCINYLATE|VBJ9L90P4L
29967|ERTAPENEM|G32F6EID2H
29978|WINE GRAPE|3GOV20705G
30048|FERRIC SUBSULFATE |3QJ8WS6V8H
30195|ACONITUM NAPELLUS|U0NQ8555JD
30449|ENGLISH SOLE|00CR8124AS
30454|CYCLOPHOSPHAMIDE ANHYDROUS|6UXW23996M
30635|SEVELAMER|941N5DUU5C
30720|IOTHALAMATE SODIUM, I-125|31J5U3Q9ZN
30758|LINSEED OIL|84XB4DV00W
30759|EVENING PRIMROSE OIL|3Q9L08K71N
30760|BILBERRY|9P2U39H18W
30767|BIMATOPROST|QXS94885MZ
30829|OLSALAZINE|ULS5I8J03O
30884|DOLASETRON|82WI2L7Q6E
30888|CHLORTHEOPHYLLINE|GE2UA340FM
30952|PRAMLINTIDE|D3FM8FA78T
31098|ARFORMOTEROL|F91H02EBWT
31100|ROFLUMILAST|0P6C6ZOP5U
31123|ZINC PIDOLATE|C32PQ86DH4
31349|CHITOSAN MEDIUM MOLECULAR WEIGHT (200-800 MPA.S)|82LKS4QV2Y
31514|TIAGABINE|Z80I64HMNP
31601|MAPROTILINE|2U1W68TROF
31667|ETHYNODIOL|9E01C36A9S
31702|HEXACHLOROPHENE|IWW5FV6NK2
31722|DYPHYLLINE|263T0E9RR9
31982|ANAGRELIDE|K9X45X0051
32003|N-ACETYLGLUCOSAMINE|V956696549
32016|TECHNETIUM TC-99M SULFUR COLLOID|556Q0P6PB1
32087|GATIFLOXACIN ANHYDROUS|81485Y3A9A
32129|PADIMATE A|77FU10423X
32152|CARBACHOL|8Y164V895Y
32168|ZINC UNDECYLENATE|388VZ25DUR
32339|GINKGO BILOBA LEAF OIL|Y5967KO1JH
32376|INDIUM IN-111 CHLORIDE|58TD96H03I
32532|POA ANNUA POLLEN|7U437HHU5C
32533|POA COMPRESSA POLLEN|50HCQ1NYV5
32534|BROMUS INERMIS POLLEN|766QT72BK6
32535|PHALARIS ARUNDINACEA POLLEN|FAY1Y90VJ9
32536|ZEA MAYS POLLEN|74PD8J616H
32537|ELYMUS REPENS POLLEN|ON2T85TA2O
32538|BOUTELOUA GRACILIS POLLEN|2XO08315X1
32540|AVENA SATIVA POLLEN|A7IKY24TR7
32542|SECALE CEREALE POLLEN|I6KAZ8AO1O
32543|LEYMUS CONDENSATUS POLLEN|257GC6QO0Q
32544|LOLIUM PERENNE SSP. MULTIFLORUM POLLEN|VJI0WKK736
32545|DISTICHLIS SPICATA POLLEN|GOA51670YV
32547|TRITICUM AESTIVUM POLLEN|F1KAH8374D
32679|GOSERELIN|0F65R8P09N
32735|ONDANSETRON|4AF302ESOS
32817|CIANIDANOL|8R1V1STN48
32820|LANTHANUM CATION (3+)|O7FU5X12W5
32848|DALFAMPRIDINE|BH3B64OKL9
32967|INDACATEROL|8OR09251MQ
33089|ROSIN|88S87KL877
33170|SILODOSIN|CUZ39LUY82
33247|PROTOCATECHUALDEHYDE|4PVP2HCH4T
33250|PHYSOSTIGMINE|9U1VM840SP
33304|ETHOTOIN|46QG38NC4U
33483|PHENTOLAMINE|Z468598HBV
33516|P-PHENYLENEDIAMINE|U770QIT64J
33581|VECURONIUM CATION|5438723848
33582|POMALIDOMIDE|D2UX06XLB5
33622|EPINASTINE|Q13WX941EF
33634|MILK THISTLE|822I9LEJ7S
33669|PROTEIN C|3Z6S89TXPW
33714|BAZEDOXIFENE|Q16TT9C5BK
33721|TROMETHAMINE|023C2WHX2V
33732|BIRD PEPPER|JLH5RT8O28
33829|LUTEINIZING HORMONE|8XA4VN1LH4
33899|POTASSIUM PHOSPHATE, MONOBASIC|4J9FJ0HL51
33952|PROBENECID|PO572Z7917
34013|DEXRAZOXANE|048L81261F
34143|DIHYDROERGOCORNINE|IK4C1OC8NE
34144|DIHYDROERGOCRISTINE|05D48LUM4Z
34145|DIHYDRO-.ALPHA.-ERGOCRYPTINE|202229IR8Y
34146|EPICRIPTINE|5M64643B5U
34328|IVA XANTHIFOLIA POLLEN|V80TPZ0T6J
34337|BETULA PAPYRIFERA POLLEN|3538FNV8AY
34339|BETULA OCCIDENTALIS POLLEN|R889N2L976
34341|BETULA ALLEGHANIENSIS POLLEN|3R393IX840
34343|PRIMAQUINE|MVR3634GX1
34440|XYLITOL|VCQ006KQ1E
34460|GINKGO|19FUJ2C58T
34481|ISRADIPINE|YO1UK1S598
34627|NILUTAMIDE|51G6I8B902
34676|TRANDOLAPRIL|1T0N3G9CRC
34864|PIRBUTEROL|OG645J8RVW
34875|MEBENDAZOLE|81G6I5V05I
34878|AMINOLEVULINIC ACID|88755TAZ87
34947|METHICONE (20 CST)|6777U11MKT
34949|ALUMINUM STEARATE|U6XF9NP8HM
34957|TOCILIZUMAB|I031V2H011
35042|CETUXIMAB|PQX0D8J21J
35074|ANTI-INHIBITOR COAGULANT COMPLEX|CS849DUN3M
35181|SILVER|3M4G523W1G
35187|ERIBULIN|LR24G6354G
35288|BETA VULGARIS POLLEN|W7NU4B5CIY
35290|MELILOTUS ALBUS POLLEN|9L67M8B78R
35293|BROMUS SECALINUS POLLEN|Q4T1SJ3046
35296|TYPHA LATIFOLIA POLLEN|341PDX5PLM
35298|ARRHENATHERUM ELATIUS POLLEN|B55BD1QM4Q
35302|SORGHUM BICOLOR SSP. DRUMMONDII POLLEN|B43R30VP73
35304|HOLCUS LANATUS POLLEN|70O1TP6H01
35308|MELILOTUS OFFICINALIS POLLEN|UVC3Z60VTX
35342|PEMIROLAST|2C09NV773M
35372|FLORBETAPIR F-18|6W15Z5R0RU
35527|PRALATREXATE|A8Q8I19Q20
35531|GOLIMUMAB|91X1KLU43E
35704|OXYMETHOLONE|L76T0ZCA8K
35811|RUMEX CRISPUS WHOLE|UQJ679MZAK
36035|ESLICARBAZEPINE|S5VXA428R4
36167|METHYL AMINOLEVULINATE|585NM85KYM
36174|DAPTOMYCIN|NWQ5N31VKK
36186|TRIENTINE|SJ76Y07H5F
36209|IPILIMUMAB|6T8C155666
36227|PROPARACAINE|B4OB0JHI1X
36362|ATRACTYLODES JAPONICA ROOT|58N5X5H9XU
36375|OXIDRONIC ACID|71MR4V32TI
36441|CALCIUM ACETATE|Y882YXF34X
36589|SACROSIDASE|8A7F670F2Y
36690|IVA ANNUA POLLEN|Y2U5S5PF22
36692|ALUMINUM ZIRCONIUM PENTACHLOROHYDRATE|15K31617MU
36760|LOMITAPIDE|82KUB0583F
36941|ALANINE, DL-|1FU7983T0U
37173|ESTRADIOL CYPIONATE|7E1DV054LO
37275|PINDOLOL|BJ4HF6IU1D
37283|CLOFARABINE|762RDY0Y2H
37292|AMBROSIA BIDENTATA POLLEN|M3S672G75O
37302|SALIX NIGRA POLLEN|6M2JIH93ZN
37303|CARPINUS CAROLINIANA POLLEN|9UC4BM3IZ0
37304|PICEA PUNGENS POLLEN|R9JBC6687X
37467|CHENOPODIUM BOTRYS POLLEN|IVU789297D
37603|PHLEUM PRATENSE|S7PW24BX20
37653|FRAXINUS PENNSYLVANICA POLLEN|2WZG2G15WX
37811|CYNODON DACTYLON|2Q8MR21NHK
38267|ALCOHOL|3K9958V90M
38514|MIPOMERSEN|9GJ8S4GU0M
38554|GLUCONOLACTONE|WQ29KQ9POT
38636|ABCIXIMAB|X85G7936GV
38643|ANTIHEMOPHILIC FACTOR, HUMAN RECOMBINANT|P89DR4NY54
38650|CARBETAPENTANE|32C726X12W
38670|TOLMETIN|D8K2JPN18B
38683|NEFAZODONE|59H4FCV1TF
38721|PLERIXAFOR|S915P5499N
38756|CARBAMOYLCHOLINE|54Z8M50D6Q
38848|LEVOLEUCOVORIN|990S25980Y
38855|COMMON CARP|ZB2SV6JJY5
38856|CLAM|226LY0AFR9
38857|CODFISH|8D6Q5LNG3D
38858|CRAB|S1VF61QLO9
38859|FLOUNDER|T197LO581X
38860|HADDOCK|0WLY635722
38861|PACIFIC HALIBUT|BKZ683617P
38862|HERRING|34EX28T4C1
38863|LOBSTER|ZQ6LG2C39M
38864|MACKEREL|CYO6K3VM7F
38865|OYSTER|S614XWR17V
38866|RED SNAPPER|WF621S7K14
38867|ATLANTIC SALMON|7062I37LB3
38868|EUROPEAN PILCHARD|76780GX08D
38869|SCALLOP|D380C73WOU
38870|SHRIMP|1891LE191T
38871|SWORDFISH|01695YPV36
38872|TROUT|7TI7U5PF2U
38873|TUNA|V2T3IHT3E2
38874|WHITE FISH|IA4C8ND0DT
38875|NORTHERN PIKE|5JKY494U4L
38876|SMELT|9VVF5SCM9I
38985|AMIKACIN|84319SGC3C
39205|ALCOHOL	|3K9958V90M
39210|CROFELEMER|PY79D6C8RX
39252|IDARUBICIN|ZRP63D75JW
39287|OMEGA-3-ACID ETHYL ESTERS|D87YGH4Z0Q
39391|HYDRALAZINE|26NAK24LS8
39417|RIMABOTULINUMTOXINB|0Y70779M1F
39445|SUPROFEN|988GU2F9PE
39469|CAMPHOR, (+/-)-|5TJD82A1ET
39525|OFTASCEINE|V0YM2B16TS
39532|METYRAPONE|ZS9KD92H6V
39549|EUCOMMIA ULMOIDES BARK|L878N1L0AR
39634|NITRITE ION|J39976L608
39638|PIMECROLIMUS|7KYV510875
39682|GLUCAGON|76LA80IG2G
39689|CLIOQUINOL|7BHQ856EJ5
39942|HYPROMELLOSE|3NXW29V3WO
40024|DORNASE ALFA|953A26OA1Y
40211|CHLORINE|4R7X1O2820
40212|HYALURONIDASE |8KOG53Z5EM
40219|THIOSULFATE ION|LLT6XV39PY
40261|ADALIMUMAB|FYS6T7F842
40410|EUROTIUM HERBARIORUM|49W168AES4
40412|ASPERGILLUS TERREUS|QBN8K7055X
40428|RHODOTORULA MUCILAGINOSA|62TY3X4N9Z
40430|STEMPHYLIUM SARCINIFORME|XQ14H1462M
40431|TRICHODERMA HARZIANUM|CA33Q4013Q
40436|TILLETIA CARIES|C7000B9PQI
40437|PUCCINIA GRAMINIS|O0HJ02QBWN
40438|CURVULARIA INAEQUALIS|W042YAB8JC
40439|FUSARIUM COMPACTUM|V4OQR60A5P
40440|PHOMA GLOMERATA|UPX000VMIF
40441|PEGADEMASE BOVINE|HW3H7D91F6
40443|ALTRETAMINE|Q8BIH59O7H
40470|ORLISTAT|95M8R751W8
40675|PERTUZUMAB|K16AIQ8CTM
40854|ISOXSUPRINE|R15UI3245N
40865|TECHNETIUM TC-99M|6EW75241VU
40895|ABATACEPT|7D0YB67S97
40902|ACEBUTOLOL|67P356D8GH
41094|ACLIDINIUM BROMIDE|UQW7UF9N91
41118|TECHNETIUM TC-99M DISOFENIN|QTJ2VIW97T
41345|IPRATROPIUM CATION|GR88G0I6UL
41644|PORACTANT ALFA|KE3U2023NP
41695|SAGE|065C5D077J
41729|TIPRANAVIR|ZZT404XD09
41917|FERRIC FERROCYANIDE|TLE294X33A
41947|CALFACTANT|Q4K217VGA9
41968|TOLNAFTATE	|06KB629TKV
41976|STRONTIUM|YZS2RPE8LE
42290|EDROPHONIUM CATION|70FP3JLY7N
42337|GUANIDINE|JU58VJ6Y3B
42339|TICAGRELOR|GLH0314RVC
42379|P-AMINOPHENOL|R7P8FRP05V
42479|GADOPENTETATE|V7OK6J19HQ
42518|CAMPHOR, (SYNTHETIC)|5TJD82A1ET
42741|VECURONIUM BROMIDE|7E4PHP5N1D
42916|GADOTERIDOL|0199MV609F
43039|IBUPROFEN|WK2XYI10QM
43040|SALICYLIC ACID|O414PZ4LPZ
43041|MENTHOL|L7T10EIP3A
43042|CAPSAICIN|S07O44R1ZM
43235|PHOSPHORUS P-32|690284A407
43312|RETAPAMULIN|4MG6O8991R
43452|TRIPTERYGIUM WILFORDII WHOLE|GBE347P41D
43457|NELFINAVIR|HO3OGH5D7I
43521|ARSENIC TRIOXIDE|S7V92P67HO
43573|HUMAN IMMUNOGLOBULIN G|66Y330CJHS
43716|CEVIMELINE|K9V0CDQ56E
43760|ALFENTANIL|1N74HM2BS7
43803|GELATIN|2G86QN327L
43809|CALCITONIN SALMON|7SFC6U2VI5
43829|THIOTEPA|905Z5W3GKH
43859|SUCCIMER|DX1U2629QE
43991|ATRIPLEX CONFERTIFOLIA POLLEN|GG8WX068MX
43994|MEDICAGO SATIVA POLLEN|G515RAI9FY
44001|RUMEX ALTISSIMUS POLLEN|BML0J15H8W
44002|RUMEX OBTUSIFOLIUS POLLEN|R6H8O3GVL9
44004|RUMEX SALICIFOLIUS VAR. MEXICANUS POLLEN|BHS470V9ON
44019|AMBROSIA CONFERTIFLORA POLLEN|63TBJ590BL
44023|AMBROSIA DUMOSA POLLEN|ZIO18VN6HJ
44025|ARTEMISIA CALIFORNICA POLLEN|1EDY616508
44026|HELIANTHUS ANNUUS POLLEN|28D6K7E9IP
44031|ARTEMISIA FRIGIDA POLLEN|5AN5LR8L3F
44032|ARTEMISIA DRACUNCULUS POLLEN|UU78E56M7L
44238|BOSUTINIB|5018V4AEZ0
44246|TETRABENAZINE|Z9O08YRN8O
44297|METHYSERGIDE|XZA9HY6Z98
44311|PALIVIZUMAB|DQ448MW7KS
44332|THIORIDAZINE|N3D6TG58NI
44422|KAEMPFERIA GALANGA ROOT|7B7U9D12AI
44423|ETHYL FERULATE|5B8915UELW
44424|LARIX SIBIRICA WOOD|KSC3PGF73L
44543|POLYDATIN|XM261C37CQ
44565|CLADRIBINE|47M74X9YT5
44606|DUTASTERIDE|O0J6XJN02I
44704|EXAMETAZIME|G29272NCKL
44713|BARIUM CATION|V645272HLN
44739|INOSITOL NIACINATE|A99MK953KZ
44752|HYDROFLUMETHIAZIDE|501CFL162R
44823|STRONTIUM CATION SR-89|06A33308KH
45005|SERTACONAZOLE|72W71I16EG
45008|FELIS CATUS SKIN|5308ED00EL
45063|ALBUMIN AGGREGATED|799C8VF17R
45095|MEDRYSONE|D2UFC189XF
45187|FOSPROPOFOL|LZ257RZP7K
45390|BETAMETHASONE VALERATE|9IFA5XM7R2
45445|BRINZOLAMIDE|9451Z89515
45664|ALBENDAZOLE|F4216019LN
45735|ICATIBANT|7PG89G35Q7
45900|AXITINIB|C9LVQ0YUXG
45925|ZANAMIVIR|L6O3XI777I
45940|PERFLUTREN|CK0N3WH0SR
46011|ZILEUTON|V1L22WVE2S
46068|GADODIAMIDE|84F6U3J2R6
46172|ZICONOTIDE|7I64C51O16
46242|TRAVOPROST|WJ68R08KX9
46355|PROCAINE|4Z8Y51M438
46502|TROLAMINE SALICYLATE|H8O4040BHD
46557|HYDROGENATED PALM KERNEL OIL|FM8D1RE2VP
46606|BENDAMUSTINE|9266D9P3PQ
46609|DEGARELIX|SX0XJI3A11
46772|PEGFILGRASTIM|3A58010674
46844|DEXMEDETOMIDINE|67VB76HONO
46879|SODIUM GLUCONATE|R6Q3791S76
46929|SIMMONDSIA CHINENSIS SEED|D24K2Q1F6H
46976|PROTAMINE|72G3UY6T4N
47220|POVIDONE K30|U725QWY32X
47976|HYALURONIDASE (HUMAN RECOMBINANT)|743QUY4VD8
48026|PHENYLTOLOXAMINE|K65LB6598J
48265|NANDROLONE|6PG9VR430D
48447|AMPRENAVIR|5S0W860XNR
48665|PYRUVIC ACID|8558G7RUTR
48666|INOSINE|5A614L51CT
48741|PORFIMER|M15H03K69B
48761|CYANOCOBALAMIN|P6YC3EG204
48762|ISOPROPYL ALCOHOL|ND2M416302
48873|MEADOWFOAM SEED OIL|412ZHA4T4Y
49098|THEOPHYLLINE|C137DTR5RG
49342|CARTEOLOL|8NF31401XG
49573|ULIPRISTAL|6J5J15Q2X8
49579|TETRADECYL HYDROGEN SULFATE (ESTER)|6326W0DRHY
49596|TENOFOVIR|99YXE507IL
49703|ROTIGOTINE|87T4T8BO2E
49733|XENON XE-133|X3P9A5HNYF
49822|SOY STEROL|PL360EPO9J
50087|NONOXYNOL-9|48Q180SH9T
50613|METYROSINE|DOQ0J0TPF7
50682|METHAMPHETAMINE|44RAL3456C
50687|LULICONAZOLE|RE91AN4S8G
50846|CEFOTETAN|48SPP0PA9Q
50897|BICISATE|3JXF0Z0XOI
50976|TRIPTORELIN|9081Y98W2V
51242|SORAFENIB|9ZOQ3TZI87
51249|PENICILLAMINE|GNN1DV99GX
51366|PIPERACILLIN|X00B0D5O0E
51514|INSULIN ASPART|D933668QVX
51586|PHENYLACETIC ACID|ER5I1W795A
51815|ALMASILATE|OZQ8O62H53
51912|ASENAPINE|JKZ19V908O
51914|SOLIFENACIN|A8910SQJ1U
51922|FULVESTRANT|22X328QOC4
52030|CANAGLIFLOZIN ANHYDROUS|6S49DGR869
52049|PYRANTEL PAMOATE|81BK194Z5M
52092|HALCINONIDE|SI86V6QNEG
52150|HYALURONIDASE RECOMBINANT HUMAN|743QUY4VD8
52187|DINOPROSTONE|K7Q1JQR04M
52197|VORTIOXETINE|3O2K1S3WQV
52319|FAMCICLOVIR|QIC03ANI02
52328|CAPROMAB PENDETIDE|BDO5072GRX
52409|PANCURONIUM|J76UF062FS
52474|DIAZOXIDE|O5CB12L4FN
52517|OVINE DIGOXIN IMMUNE FAB|YB12NQZ1YN
52568|MILNACIPRAN|G56VK1HF36
52607|ROMIPLOSTIM|GN5XU2DXKV
52632|GARDEN SNAIL MUCIN|BPB1U0R467
52633|MORUS ALBA ROOT BARK|SV6B76DK9N
52792|PAROMOMYCIN|61JJC8N5ZK
52871|ARNICA ANGUSTIFOLIA FLOWER|NG0U89QRD8
52872|SOLANUM DULCAMARA FLOWER|W6J1279A6K
52873|BRYONIA ALBA ROOT|T7J046YI2B
52874|BERBERIS VULGARIS FRUIT|6XEF22AHC3
52875|TOXICODENDRON PUBESCENS LEAF|6IO182RP7A
53041|LORCASERIN|637E494O0Z
53096|EDROPHONIUM|70FP3JLY7N
53195|SULFANILAMIDE|21240MF57M
53208|CASEIN|48268V50D5
53209|COW MILK|917J3173FT
53210|GOAT MILK|XE5K5I4RP7
53569|PEGVISOMANT|N824AOU5XV
53639|QUAZEPAM|JF8V0828ZI
53737|BEVACIZUMAB|2S9ZZM9Q9V
53838|TOCOPHERSOLAN|O03S90U1F2
54160|POLYTHIAZIDE|36780APV5N
54192|ANIDULAFUNGIN|9HLM53094I
54202|ETHYL MACADAMIATE|ANA2NCS6V1
54402|METHACHOLINE|03V657ZD3V
54595|BALSAM PERU OIL|DIK0395679
54597|TRYPSIN|GV54A213NN
54767|DASATINIB|RBZ1571X5H
54772|LAPATINIB|0VUA21238F
54843|DIENOGEST|46M3EV8HHE
54846|ESTRADIOL VALERATE|OKG364O896
55361|PEGLOTICASE|R581OT55EA
55390|IDOXURIDINE|LGP81V5245
55450|RUXOLITINIB|82S8X8XX8H
55481|METHYLENE BLUE CATION|ZMZ79891ZH
55591|FOSCARNET|364P9RVW4X
55686|IBRUTINIB|1X70OSD4VX
55767|ARNICA MONTANA FLOWER|OZ0E5Y15PZ
55867|SALIX LUCIDA SSP. LASIANDRA POLLEN|9P9T267QMR
55872|PINUS CONTORTA POLLEN|FB7IP650ET
55882|CARYA CORDIFORMIS POLLEN|O99P60FU6G
55883|CARYA GLABRA POLLEN|KPO1Z9N98A
55888|QUERCUS MUEHLENBERGII POLLEN|434DQ2U4JX
55891|QUERCUS PALUSTRIS POLLEN|CU781COT7M
55892|QUERCUS STELLATA POLLEN|W34X0P8636
55903|LARIX OCCIDENTALIS POLLEN|1L67OBT731
55907|PINUS SYLVESTRIS POLLEN|59070I8M63
55909|PINUS RESINOSA POLLEN|Q7Y557L8UZ
55912|PINUS THUNBERGII POLLEN|6607IKD2XX
55915|PLATANUS HYBRIDA POLLEN|77X11O684J
55917|PINUS RIGIDA POLLEN|KV6DYF25M4
55926|PINUS NIGRA POLLEN|17Q05812N1
55994|QUERCUS GARRYANA POLLEN|QQ00BED0DV
56007|JUNIPERUS VIRGINIANA|H4I7YEE9DM
56401|DIPIVEFRIN|8Q1PVL543G
56407|METHSCOPOLAMINE BROMIDE|RTN51LK7WL
56549|NALMEFENE|TOV02TDP9I
56598|PENTETREOTIDE|G083B71P98
56599|INDIUM CATION IN-111|WJZ06C0H8L
56626|CHLORIC ACID|Z0V9L75H3K
56679|LINACLOTIDE|N0TXR0XR5X
56869|DIACETYL BENZOYL LATHYROL|8986760I2S
57028|CALENDULA OFFICINALIS FLOWER|P0M7O4Y7YD
57077|PRAZIQUANTEL|6490C9U457
57278|LACOSAMIDE|563KS2PQY5
57279|GRAIN MILL DUST|7779K0857Y
57392|TROVAFLOXACIN|9F388J00UK
57471|DABRAFENIB|QGP4HA4G1B
57670|TELITHROMYCIN|KI8H7H19WL
57760|AMINOSALICYLIC ACID|5B2658E0N2
57808|HYDROXYETHYL CELLULOSE (2000 CPS AT 1%)|S38J6RZN16
57902|SPECTINOMYCIN|93AKI1U6QF
57972|PASIREOTIDE|98H1T17066
58215|COCAINE|I5Y540LHVR
58224|BENZYLPENICILLOYL POLYLYSINE|76479814OY
58402|PEGINTERFERON ALFA-2A|Q46947FE7K
58476|RETEPLASE|DQA630RIE9
58551|BUTABARBITAL|P0078O25A9
58693|GLYCEROL PHENYLBUTYRATE|ZH6F1VCV7B
58805|FONDAPARINUX|J177FOW5JL
58879|ALCAFTADINE|7Z8O94ECSX
58905|ADO-TRASTUZUMAB EMTANSINE|SE2KH7T06F
59023|HYDROXYAMPHETAMINE|FQR280JW2N
59088|BUDESONIDE (11.BETA.,16.ALPHA.(S))|168L5HT37P
59304|SAXAGLIPTIN|9GB927LAJW
59311|EQUISETUM ARVENSE TOP|1DP6Y6B65Z
59507|DIHYDROCODEINE|N9I9HDB855
59512|GLYCERYL MONOSTEARATE|230OU9XXE4
59585|BORIC ACID|R57ZHV85D4
59617|PENBUTOLOL|78W62V43DY
59745|EVEROLIMUS|9HW64Q8G6G
59782|AGALSIDASE BETA|RZD65TSM9U
60154|HYPROMELLOSE 2906 (4000 MPA.S)|5EYA69XGAT
60155|HYPROMELLOSE 2906 (50 MPA.S)|612E703ZUQ
60209|CARBENICILLIN|G42ZU72N5G
60447|BOSENTAN ANHYDROUS|XUL93R30K2
60650|PENTOSTATIN|395575MZO7
60657|SAMBUCUS NIGRA FLOWERING TOP|CT03BSA18U
60863|TEDUGLUTIDE|7M19191IKG
61257|HYDROXYPROGESTERONE|21807M87J2
61302|ERYTHROPOIETIN|64FS3BFH5W
61387|CLEVIDIPINE|19O2GP3B7Q
61595|ARTEMETHER|C7D6T3H22J
61596|LUMEFANTRINE|F38R0JR742
61684|UROKINASE|83G67E21XI
61712|VEMURAFENIB|207SMY3FQT
61803|CASPOFUNGIN|F0XDI6ZL63
61888|LENALIDOMIDE|F0P408N6V4
61971|PLATYCODON GRANDIFLORUM LEAF|2L64H2X8DY
61995|SACCHARIN|FST467XS7D
62036|ACACIA|5C5403N26O
62037|KARAYA GUM|73W9IQY50Q
62038|TRAGACANTH|2944357O2O
62039|CTENOCEPHALIDES CANIS|LN7IM9RDEA
62040|CTENOCEPHALIDES FELIS|5X9Y89ENI9
62086|PUMPKIN|SYW0QUB89Y
62087|RED BELL PEPPER|E917XHH50V
62093|MUSTARD GREENS|5M338IN22E
62109|STARCH, TAPIOCA|24SC3U704I
62115|BLACK WALNUT|02WM57RXZJ
62124|SAFFLOWER|4VBL71TY4Y
62126|SUNFLOWER SEED|R9N3379M4Z
62151|BASIL|2U0KZP0FDW
62157|MUNG BEAN|1LIB31N73G
62161|CONCORD GRAPE|T3PW93IB4Q
62172|SWEET CHERRY|93T4562ZI3
62178|COCOA BEAN|D9108TZ9KG
62179|CARAWAY|W2FH8O2BBE
62180|CUMIN|AG9BNA51DQ
62213|HISTRELIN|H50H3S3W74
62222|HYDROXYETHYL STARCH 130/0.4|1GVO236S58
62229|NORTH AMERICAN CORAL SNAKE ANTIVENIN (MICRURUS FULVIUS) (EQUINE)|Y605XBM2GL
62276|ALCLOMETASONE DIPROPIONATE|S56PQL4N1V
62423|SAPROPTERIN|EGX657432I
62615|OXYTETRACYCLINE|X20I9EN955
62674|MORICIZINE|2GT1D0TMX1
62780|MACLURA TRICUSPIDATA WHOLE|QOE5U8M2TG
63277|VALRUBICIN|2C6NUM6878
63328|TECHNETIUM TC-99M SESTAMIBI|971Z4W1S09
63331|TESAMORELIN|MQG94M5EEO
63349|EZOGABINE|12G01I6BBU
63885|METAPROTERENOL|53QOG569E0
63894|LOMEFLOXACIN|L6BR2WJD8V
63965|PYRETHRUM CINERARIIFOLIUM|CGF76TP7X6
64009|DEFERASIROX|V8G4MOF2V9
64057|HUMAN ALBUMIN MICROSPHERES|T8C6W1N6NW
64208|IOFLUPANE I-123|3MM99T8R5Q
64279|RASBURICASE|08GY9K1EUO
64302|BARIUM|24GP945V5T
64331|LEVMETAMFETAMINE|Y24T9BT2Q2
64469|ECULIZUMAB|A3ULP0F556
64478|TERIFLUNOMIDE|1C058IKG3B
64487|BLUE RIDGE BLUEBERRY|89Y9MUH0K5
64489|CHERRY|BUC5I9595W
64494|LARGEMOUTH BASS|XC209ITL3J
64504|CATFISH|EFN1AL1YP0
64507|QUAHOG|226LY0AFR9
64512|COD|8D6Q5LNG3D
64514|BLUE CRAB|8J18RFO4A8
64535|RADISH|EM5RP35463
64550|PERCH|50Y07N9X03
64559|PINK SALMON|9935G0V38C
64566|COCOA|D9108TZ9KG
64567|COFFEE BEAN|JFH385Y744
64568|BARLEY MALT|R3NBG8914U
64581|THYME|CW657OBU4N
64610|ULMUS RUBRA POLLEN|GHC6OHK0W0
64612|PSEUDOTSUGA MENZIESII POLLEN|ZEI09763J3
64618|CARYA LACINIOSA POLLEN|5BGG872373
64654|PHOENIX DACTYLIFERA POLLEN|2FV55IRB5B
64665|RHUS GLABRA POLLEN|5THQ6K6J4O
64674|HORDEUM VULGARE POLLEN|2LN3M29LNI
64675|AGROSTIS STOLONIFERA POLLEN|255H8VT4RK
64678|PHALARIS MINOR POLLEN|VBT3DRA2R9
64686|LOLIUM PERENNE SUBSP. MULTIFLORUM POLLEN|VJI0WKK736
64687|SORGHUM BICOLOR SUBSP. BICOLOR POLLEN|LD795V73G4
64688|SORGHUM BICOLOR SUBSP. DRUMMONDII POLLEN|B43R30VP73
64694|KOELERIA MACRANTHA POLLEN|IIC6H3WF6J
64695|AMPHIACHYRIS DRACUNCULOIDES POLLEN|83X1I1RR5F
64733|ARTEMISIA ANNUA POLLEN|36R82U4DL6
64757|FUSARIUM OXYSPORUM VASINFECTUM|6M98DC08TZ
64758|HAEMATONECTRIA HAEMATOCOCCA|7TLR512M4A
64764|NEUROSPORA SITOPHILA|I9D9Z5GCW5
64770|HELMINTHOSPORIUM SOLANI|U6Z259H815
64775|TRICHOPHYTON TONSURANS|JY1BE33I3Y
64786|TANACETUM CINERARIIFOLIUM FLOWER|CGF76TP7X6
64811|BLATELLA GERMANICA|G9O67I0A8Q
64822|PHOMA EXIGUA VAR. EXIGUA|8JAG41IE4M
64834|MYCOGONE NIGRA|0X3XUJ41IX
64840|PLEOSPORA TARDA|TPL549N9R8
64843|ABSIDIA CAPILLATA|15VX0351MT
64854|THERMOMYCES LANUGINOSUS|YI3WT83KTW
64855|TRICHOSPORON CUTANEUM|5EUI19VT92
64856|MACLURA POMIFERA POLLEN|18JOK51CZH
64953|LUTROPIN ALFA|3JGY52XJNA
65012|CHROMIC CATION|X1N4508KF1
65043|IPRATROPIUM BROMIDE|J697UZ2A9J
65107|CABAZITAXEL|51F690397J
65327|ELVITEGRAVIR|4GDQ854U53
65328|COBICISTAT|LW2E03M5PG
65687|TRASTUZUMAB|P188ANX8CK
65748|MELOPSITTACUS UNDULATUS FEATHER|1XY644QKWG
65794|SECOBARBITAL|1P7H87IN75
65883|UMECLIDINIUM|GE2T1418SV
65884|VILANTEROL|028LZY775B
65895|VALDECOXIB|2919279Q3W
65924|PIMOZIDE|1HIZ4DL86F
66003|ERLOTINIB|J4T82NDH7E
66194|DIMETHYL SULFONE|9H4PO4Z4FT
66250|PIPERONAL|KE109YAK00
66547|BASILIXIMAB|9927MT646M
66823|INDINAVIR ANHYDROUS|9MG78X43ZT
66917|POTASSIUM ACETATE|M911911U02
66918|MAGNESIUM ACETATE TETRAHYDRATE|I01G0EJC3B
66921|OCRIPLASMIN|7V6HE3DM5A
67141|MONOBENZONE|9L2KA76MG5
67169|CORTICOTROPIN|K0U68Q2TXA
67207|TOFACITINIB|87LA6FU830
67254|THALLIUM CATION TL-201 (1+)|4877X14G4C
67265|ETHYL SALICYLATE|555U6TZ2MV
67293|CAPREOMYCIN|232HYX66HC
67572|RITUXIMAB|4F4X42SYQ6
67606|ANHYDROUS DIBASIC CALCIUM PHOSPHATE|L11K75P92J
67797|PASSIFLORA INCARNATA TOP|CLF5YFS11O
67798|ARNICA MONTANA|O80TY208ZW
67888|BORON|N9E3X5056Q
67910|ASPARAGINASE|G4FQ3CKY5R
67936|EFLORNITHINE|ZQN1G5V6SR
68189|FINGOLIMOD|3QN8BYN5QF
68435|METHENAMINE HIPPURATE|M329791L57
68598|BORAGE OIL|F8XAG1755S
68605|BETAINE, ANHYDROUS|3SCV180C9W
68718|RILONACEPT|8K80YB5GMG
68908|CLOBAZAM|2MRO291B4U
68944|AVENA SATIVA FLOWERING TOP|MA9CQJ3F7F
68945|MEDIUM-CHAIN TRIGLYCERIDES|C9H2L21V7U
69046|IMIPRAMINE PAMOATE|MC34P30298
69373|APIXABAN|3Z9Y7UWC1J
69498|BECLOMETHASONE 17-MONOPROPIONATE|5BGA9FD55H
69504|FIBRINOGEN HUMAN|N94833051K
69517|DOLUTEGRAVIR|DKO1W9H7M1
69591|POTASSIUM HYDROXIDE|WZH3C48M4T
69600|GLUCARPIDASE|2GFP9BJD79
69872|MERCAPTOPURINE|E7WED276I5
70159|GLYCOLIC ACID|0WT12SX38S
70208|MOLYBDENUM|81AH48963U
70228|ETHACRYNIC ACID|M5DP350VZV
70280|VIGABATRIN|GR120KRT6K
70477|LEVOMILNACIPRAN|UGM0326TXX
70521|THYROTROPIN ALFA|AVX3D5A4LM
70571|TETRAKIS(1-ISOCYANO-2-METHOXY-2-METHYL-PROPANE)-COPPER(I) TETRAFLUOROBORATE|N6OU7HJ70P
70605|TELBIVUDINE|2OC4HKD3SF
70926|POLYSORBATE 20|7T1F30V5YH
71229|DIMETHYL SULFOXIDE|YOW8V9698H
71326|CAVIAR|020K6HLU0O
71345|DACARBAZINE|7GR28W0FJI
71352|ELTROMBOPAG|S56D65XJ9G
71371|INAMRINONE|JUT23379TN
71482|RUBIDIUM RB-82|9K730EL8KU
71546|ARGIPRESSIN|Y4907O6MFD
71833|OYSTER SHELL CALCIUM CARBONATE, CRUDE|2E32821G6I
71834|GOLDENSEAL|ZW3Z11D0JV
71835|DICHROMATE ION|9LKY4BFN2V
71871|DEFERIPRONE|2BTY8KH53L
72164|DEXTRAN 40|K3R6ZDH4DU
72179|OPIUM|37M3MZ001L
72267|MEPENZOLATE|ONW3LB39P7
72319|ALEMTUZUMAB|3A189DH42V
72471|APOMORPHINE|N21FAR7B4S
72600|SORBITAN |6O92ICV9RU
72619|KANAMYCIN|RUC37XUP2P
72627|CALCIUM PHOSPHATE, DIBASIC, ANHYDROUS|L11K75P92J
72641|ACETYLCHOLINE|N9YNS0M02X
72659|EPTIFIBATIDE|NA8320J834
72667|EICOSENOIC ACID|UDX6WPL94T
72686|MOEXIPRIL|WT87C52TJZ
72713|IOXILAN|A4YJ7J11TG
72868|REGORAFENIB|24T2A1DOYB
72973|MAGNESITE|0IHC698356
72975|NESIRITIDE|P7WI8UL647
73015|ATRACTYLODES LANCEA ROOT|CAZ6282J2O
73050|TRAMETINIB|33E86K87QN
73217|PICRIC ACID|A49OS0F91S
73218|TANNIC ACID|28F9E0DJY6
73474|TURPENTINE|XJ6RUH0O4G
73499|OSPEMIFENE|B0P231ILBK
73658|TOSITUMOMAB|0343IGH41U
73660|TOSITUMOMAB I-131|K1KT5M40JC
73851|BEDAQUILINE|78846I289Y
74062|BELATACEPT|E3B2GI648A
74376|SITOTROGA CEREALELLA|9T28I7BPNO
74430|DAPAGLIFLOZIN|1ULL0QJ8UC
74437|MIGLUSTAT|ADN3S497AZ
74932|NITROPRUSSIDE|169D1260KM
74950|PANAX GINSENG ROOT OIL|P9T4K47OM0
74959|AMOXICILLIN ANHYDROUS|9EM05410Q9
74966|OCTYLTRIETHOXYSILANE|LDC331P08E
75204|HUMAN BOTULINUM NEUROTOXIN A/B IMMUNE GLOBULIN|X641Y30OA7
75255|ESTROGENS, CONJUGATED SYNTHETIC A|JM2621P2LS
75265|QUATERNIUM-18|O7757NO1VL
75491|ALOE FEROX LEAF|0D145J8EME
75534|POLYQUATERNIUM-10 (400 CPS AT 2%)|HB1401PQFS
75541|VITAMIN A PALMITATE|1D1K0N0VVC
75618|THALLOUS CHLORIDE, TL-201|3I8Y076A0E
75694|RADIUM|W90AYD6R3Q
75715|NORELGESTROMIN|R0TAY3X631
75811|PHELLINUS LINTEUS MYCELIUM|40K19XJV3C
75831|POLIDOCANOL|0AWH8BFG9A
75951|REGADENOSON ANHYDROUS|7AXV542LZ4
76035|PONATINIB|4340891KFS
76225|AMOBARBITAL|GWH6IJ239E
76335|ANHYDROUS TACROLIMUS|Y5L2157C4J
76354|GLUTAMINE|0RH81L854J
76511|DIFLUPREDNATE|S8A06QG2QE
76590|DIMETHICONE 100|RO266O364U
76597|OMEPRAZOLE MAGNESIUM|426QFE7XLK
76801|SODIUM IODIDE, I-123|29UKX3A616
76896|TOLVAPTAN|21G72T1950
76921|CROMOLYN SODIUM|Q2WXR1I0PK
77084|MIGLITOL|0V5436JAQW
77156|SOFOSBUVIR|WJ6CA3ZU8B
77185|TECHNETIUM TC-99M EXAMETAZIME|3B744AG22N
77243|LANTHANUM|6I3K30563S
77244|STYPOCAULON SCOPARIUM|C4AD0HDH4I
77819|SIMEPREVIR|9WS5RD66HZ
77825|BACILLUS CALMETTE-GUERIN SUBSTRAIN TICE LIVE ANTIGEN|2XQ558L16Z
78077|FLUOCINOLONE|CT1IX58L9S
78097|MIRABEGRON|MVR3JL3B2V
78422|EGG YOLK PHOSPHOLIPIDS|1Z74184RGV
78755|METIPRANOLOL|X39AL81KEB
78938|DOCOSANOL|9G1OE216XY
78972|DIAZOLIDINYLUREA|H5RIZ3MPW4
79198|IMATINIB|BKJ8M8G5HI
79297|BASSIA SCOPARIA POLLEN|07A108ZKW5
79372|CYCLACHAENA XANTHIFOLIA POLLEN|V80TPZ0T6J
79585|MIFEPRISTONE|320T6RNW1F
79662|1-OCTACOSANOL|81I2215OVK
79706|GLATIRAMER|U782C039QP
80020|CREATINE|MU72812GK0
80212|FIDAXOMICIN|Z5N076G8YQ
80249|ALTEPLASE|1RXS4UE564
80400|OSBOND ACID|7S686LQT6T
80613|CARBOPROST|7B5032XT6O
81103|MEPHENYTOIN|R420KW629U
81263|PHENOXYBENZAMINE|0TTZ664R7Z
81345|CAROB|5MG5Z946UO
81346|RED CURRANT|Q5YG47WU3D
81347|CHILI PEPPER|00UK7646FG
81348|SUGARCANE|81H2R5AOH3
81542|INTERFERON ALFA-2A|47RRR83SK7
81830|AUSTRALIAN TEA TREE OIL|VIF565UC2G
81925|INSULIN GLULISINE|7XIY785AZD
82128|SILODRATE|9T3UU8T0QK
82165|BISOCTRIZOLE|8NT850T0YS
82183|DINOPROST|B7IN85G1HY
82301|ALVIMOPAN|677C126AET
82314|METHYCLOTHIAZIDE|L3H46UAC61
82446|LAURIC ACID|1160N9NU9U
82605|HYPROMELLOSE 2910 (4000 CPS)|RN3152OP35
83026|DOFETILIDE|R4Z9X1N2ND
83175|ACACIA LONGIFOLIA POLLEN|24SO2J296O
83176|ALNUS INCANA SSP. RUGOSA POLLEN|605T96G8Y5
83190|POPULUS DELTOIDES SSP. MONILIFERA POLLEN|5928LJ1441
83235|AGROSTIS GIGANTEA|A5ODF78EPD
83266|TIROFIBAN|GGX234SI5H
83360|ESTRAMUSTINE|35LT29625A
83390|STRYCHNOS NUX-VOMICA SEED|269XH13919
83392|PULSATILLA PATENS|4M1169RWJD
83633|LINCOMYCIN|BOD072YW0F
83664|LODOXAMIDE|SPU695OD73
83915|STREPTOZOCIN|5W494URQ81
83936|ENTECAVIR ANHYDROUS|NNU2O4609D
84078|LEVODOPA|46627O600J
84253|PERGOLIDE|24MJ822NZ9
84318|GEMIFLOXACIN|OKR68Y0E4T
84329|SALMONELLA ENTERICA SUBSP. ENTERICA SEROVAR TYPHI|760T5R8B3O
84451|SAFFLOWER OIL|65UEH262IS
84510|MESTRANOL|B2V233XGE7
84511|REMIFENTANIL|P10582JYYK
84782|MYRRH|JC71GJ1F3L
84783|SESAME OIL|QX10HYY4QV
85054|ISOSULFAN BLUE INNER SALT|NS6Q291771
85091|ALBUMIN HUMAN|ZIF514RVZR
85167|TALIGLUCERASE ALFA|0R4NLX88O4
85345|MACITENTAN|Z9K9Y9WMVL
85634|MOLYBDATE ION|O0L10E6352
85649|METHOHEXITAL|E5B8ND5IPE
85723|IXABEPILONE|K27005NP0A
85768|TEMSIROLIMUS|624KN6GM2T
85834|DATURA STRAMONIUM|G6W4F0V8Z3
85836|AMANITA MUSCARIA VAR. MUSCARIA|DIF093I037
85837|LYCOSA TARANTULA|86M454L2TT
86143|BALSAM, PERU|8P5F881OCY
86152|MITOTANE|78E4J5IB5J
86153|CETRORELIX|OON1HFZ4BA
86285|TAFLUPROST|1O6WQ6T7G3
86392|MIVACURIUM|77D66S9Q93
86473|IMIGLUCERASE|Q6U6J48BWY
86486|RIOCIGUAT|RU3FE2Y4XI
86680|COLLAGENASE|9X7O8V25IT
87137|BOCEPREVIR|89BT58KELH
87259|DEXTRAN 75|JY83SHX053
87280|COD LIVER OIL|BBL281NWFG
87593|VORINOSTAT|58IFB293JI
88035|HEPATITIS B VIRUS SUBTYPE ADW2 HBSAG SURFACE PROTEIN ANTIGEN|9GCJ1L5D1P
88053|DIMYRISTOYLPHOSPHATIDYLCHOLINE, DL-|U86ZGC74V5
88054|DIMYRISTOYLPHOSPHATIDYLGLYCEROL, DL-|BI71WT9P3R
88199|IDURSULFASE|5W8JGG2651
88285|ISOCARBOXAZID|34237V843T
88424|INTERFERON ALFACON-1|56588OP40D
88610|CARTHAMUS TINCTORIUS FLOWER BUD|B86IS274O0
88611|CORYDALIS AMBIGUA TUBER|1DN1EU584R
88612|LONICERA CAPRIFOLIUM FLOWER|5N1WD9784U
88723|GANIRELIX|IX503L9WN0
88954|METHYLEPHEDRINE, DL-|SHS9PGQ2LS
89032|PENTOBARBITAL|I4744080IR
89097|STEARIC ACID|4ELV7Z65AP
89335|METHYL UNDECENOYL LEUCINATE|D7PH6N3IEI
89392|OCTISALATE|4X49Y0596W
89518|BRILLIANT GREEN|G0L543D370
89519|PROFLAVINE HEMISULFATE|27V8M747VB
89520|GENTIAN VIOLET|J4Z741D6O5
89780|PINE NEEDLE OIL (PINUS MUGO)|6KF1RLN1CI
89804|HYDROXYPROPYL CELLULOSE|RFW2ET671P
89919|PAPAVERINE|DAA13NKG2Q
90043|VILAZODONE|S239O2OOV3
90399|DABIGATRAN ETEXILATE|2E18WX195X
90738|ACECLOFENAC|RPK779R03H
90773|ALOSETRON|13Z9HTH115
91496|PRALIDOXIME|P7MU9UTP52
91620|TIOPRONIN|C5W04GO61S
91639|TECHNETIUM TC-99M MEDRONATE|X89XV46R07
91852|FLUOXYMESTERONE|9JU12S4YFY
92114|SENNA|AK7JF626KX
92163|LURASIDONE|22IC88528T
92230|TOLCAPONE|CIF6334OLY
92275|BECAPLERMIN|1B56C968OA
92593|ENFLURANE|91I69L5AY5
92627|FANOLESOMAB|67ETM2384N
92807|SODIUM BICARBONATE|8MDF5V39QO
93141|ESOMEPRAZOLE MAGNESIUM|R6DXU4WAY9
93441|CEFOTETAN DISODIUM|0GXP746VXB
93540|IVACAFTOR|1Y740ILL1Z
94292|NORFLOXACIN|N0F8P22L1P
94520|TIGECYCLINE|70JE2N95KR
94552|RANIBIZUMAB|ZL1R02VT79
94882|HYPROMELLOSE 2208 (100 MPA.S)|B1QE5P712K
94943|DIOXYBENZONE|B762XZ551X
95394|HEMIN|743LRP9S7N
95428|USTEKINUMAB|FU77B4U5Z0
95456|POMEGRANATE|56687D1Z4D
95737|DIFLORASONE DIACETATE|7W2J09SCWX
96022|FLUTEMETAMOL F-18|L49M066S0O
96138|IODIDE I-125|V1UJ6I93CL
96225|BIFIDOBACTERIUM LONGUM SUBSP. INFANTIS|EF3U3H7I76
96448|LIRAGLUTIDE|839I73S42A
96489|CARNITINE|S7UI8SM58A
96491|LECITHIN, SOYBEAN|1DI56QDM62
96653|4-HYDROXYBUTANOIC ACID|30IW36W5B2
96791|MATRICARIA RECUTITA|G0R4UBI2ZZ
96792|GELSEMIUM SEMPERVIRENS ROOT|639KR60Q1Q
96793|PASSIFLORA INCARNATA FLOWERING TOP|CLF5YFS11O
96824|DICHLORPHENAMIDE|VVJ6673MHY
96873|EQUINE THYMOCYTE IMMUNE GLOBULIN|475247QF1Z
97056|ECALLANTIDE|5Q6TZN2HNM
97429|CHROMIUM CR-51|9QAU17N705
97679|NAFARELIN|1X0094V6JV
97786|COCARBOXYLASE|Q57971654Y
97787|FLAVIN ADENIN DINUCLEOTIDE|ZC44YTI8KK
97995|CEFTAZIDIME|9M416Z9QNR
98390|DIMERCAPTOCUCCINIC ACID|4S9JU7XF01
98474|DIDECYLDIMETHYLAMMONIUM|Z7F472XQPA
98476|BENZALKONIUM BROMIDE|151T1GQ42D
98504|CENTRUROIDES FAB2 ANTIVENIN (EQUINE)|DDA050FCEA
98600|SITOSTEROL, BETA-|S347WMO6M4
99262|ANGELICA ARCHANGELICA ROOT|DTN01M69SN
99415|CURCUMA AROMATICA ROOT OIL|Q68H9P4S4J
99583|OPRELVEKIN|HM5641GA6F
99865|APROTININ BOVINE|04XPW8C0FL
99893|SIBUTRAMINE|WV5EC51866
99941|GADOFOSVESET|E65RW73PHS
100021|GEFITINIB|S65743JHBS
100218|IBRITUMOMAB TIUXETAN|4Q52C550XK
100460|GONADOTROPHIN, CHORIONIC|20ED16GHEB
100502|CANAKINUMAB|37CQ2C7X93
100571|TRICHLOROACETIC ACID|5V2JDO056X
100712|NATAMYCIN|8O0C852CPO
100831|GOOSE|83DC4O5TD3
100833|VENISON|85EA9K88OY
100958|ETHANOLAMINE|5KV86114PT
101403|ISOSULFAN BLUE|39N9K8S2A4
102449|PAZOPANIB|7RN5DR86CK
102467|SEQUOIA SEMPERVIRENS POLLEN|NBV527E8B4
102468|PINUS BANKSIANA POLLEN|YM2P5UN502
102671|MUROMONAB-CD3|JGA39ICE2V
102704|TRICHOPHYTON VERRUCOSUM|JA74887EHM
102879|CORTICORELIN OVINE|Y124TZ0513
103095|INDIUM IN-111 PENTETATE DISODIUM|7UIT3ZGC8E
103406|PETROLATUM|4T6H12BN9U
103741|WOOD CREOSOTE|3JYG22FD73
103742|LYCOPODIUM CLAVATUM SPORE|C88X29Y479
103743|MERCURIUS SOLUBILIS|324Y4038G2
103744|SEPIA OFFICINALIS JUICE|QDL83WN8C2
103796|OFATUMUMAB|M95KG522R0
104010|PROCARBAZINE|35S93Y190K
104461|IODINE I-131|I5X6L61HUT
104608|LEVOCABASTINE|H68BP06S81
104684|SWERTIA JAPONICA|01X0P6GX6C
105251|CITRIC ACID ANHYDROUS|XF417D3PSL
105443|NELARABINE|60158CV180
105644|OMALIZUMAB|2P471X1Z11
