RASAGILINE	http://www.drugbank.ca/drugs/DB01367	134748
DEOXYCHOLIC ACID	http://www.drugbank.ca/drugs/DB03619	3194
LEDIPASVIR	http://www.drugbank.ca/drugs/DB09027	1591922
ACEGLUTAMIDE	http://www.drugbank.ca/drugs/DB04167	1426379
PILOCARPINE	http://www.drugbank.ca/drugs/DB01085	8328
AMMONIUM CHLORIDE	http://www.drugbank.ca/drugs/DB06767	712
OXIBENDAZOLE	http://www.drugbank.ca/drugs/DB04910	1009342
TROMETHAMINE	http://www.drugbank.ca/drugs/DB03754	10865
VILANTEROL	http://www.drugbank.ca/drugs/DB09082	1424884
MAGNESIUM CHLORIDE	http://www.drugbank.ca/drugs/DB09407	221118
MAGNESIUM CHLORIDE	http://www.drugbank.ca/drugs/DB09407	6579
ROPINIROLE	http://www.drugbank.ca/drugs/DB00268	72302
TINIDAZOLE	http://www.drugbank.ca/drugs/DB00911	10612
FLOXURIDINE	http://www.drugbank.ca/drugs/DB00322	4488
ETHYL PYRUVATE	http://www.drugbank.ca/drugs/DB05869	1539968
CYTARABINE	http://www.drugbank.ca/drugs/DB00987	3041
MOMETASONE FUROATE	http://www.drugbank.ca/drugs/DB00764	30145
DEXRAZOXANE	http://www.drugbank.ca/drugs/DB00380	42736
PEMETREXED	http://www.drugbank.ca/drugs/DB00642	68446
APROTININ	http://www.drugbank.ca/drugs/DB06692	1056
ISOLEUCINE	http://www.drugbank.ca/drugs/DB00167	6033
OXALIPLATIN	http://www.drugbank.ca/drugs/DB00526	32592
WATER	http://www.drugbank.ca/drugs/DB09145	11295
TETRACAINE	http://www.drugbank.ca/drugs/DB09085	10391
PRAMOXINE	http://www.drugbank.ca/drugs/DB09345	34347
TOLNAFTATE	http://www.drugbank.ca/drugs/DB00525	10637
LIOTHYRONINE	http://www.drugbank.ca/drugs/DB00279	10814
TELAVANCIN HYDROCHLORIDE	http://www.drugbank.ca/drugs/DB06402	864624
DYCLONINE	http://www.drugbank.ca/drugs/DB00645	23744
CLODRONIC ACID	http://www.drugbank.ca/drugs/DB00720	3350
SUVOREXANT	http://www.drugbank.ca/drugs/DB09034	1547099
TAMOXIFEN	http://www.drugbank.ca/drugs/DB00675	10324
NEDOCROMIL	http://www.drugbank.ca/drugs/DB00716	31563
ETRAVIRINE	http://www.drugbank.ca/drugs/DB07191	475969
FLUOCINOLONE ACETONIDE	http://www.drugbank.ca/drugs/DB00591	4461
SELENOCYSTEINE	http://www.drugbank.ca/drugs/DB02345	1549332
GALANTAMINE	http://www.drugbank.ca/drugs/DB00674	4637
MAGNESIUM CARBONATE	http://www.drugbank.ca/drugs/DB09481	29155
TIOTROPIUM	http://www.drugbank.ca/drugs/DB01409	69120
ECHOTHIOPHATE	http://www.drugbank.ca/drugs/DB01057	89778
GOSERELIN	http://www.drugbank.ca/drugs/DB00014	50610
LEVOCARNITINE	http://www.drugbank.ca/drugs/DB00583	42955
CHENODIOL	http://www.drugbank.ca/drugs/DB06777	2323
TOPIRAMATE	http://www.drugbank.ca/drugs/DB00273	38404
MYRISTIC ACID	http://www.drugbank.ca/drugs/DB08231	1356758
HYDROCHLOROTHIAZIDE	http://www.drugbank.ca/drugs/DB00999	5487
NEPAFENAC	http://www.drugbank.ca/drugs/DB06802	298665
BENZPHETAMINE	http://www.drugbank.ca/drugs/DB00865	1422
SULFADIAZINE	http://www.drugbank.ca/drugs/DB00359	10171
CONIVAPTAN	http://www.drugbank.ca/drugs/DB00872	302285
ROFLUMILAST	http://www.drugbank.ca/drugs/DB01656	1091836
LINOLENIC ACID	http://www.drugbank.ca/drugs/DB00132	52071
GLUTAMINE	http://www.drugbank.ca/drugs/DB02174	4885
GLUTAMINE	http://www.drugbank.ca/drugs/DB00130	4885
METHYLNALTREXONE	http://www.drugbank.ca/drugs/DB06800	29899
SONIDEGIB	http://www.drugbank.ca/drugs/DB09143	1659191
CITRACONIC ACID	http://www.drugbank.ca/drugs/DB04734	1435287
CANAGLIFLOZIN	http://www.drugbank.ca/drugs/DB08907	1373458
MIGLITOL	http://www.drugbank.ca/drugs/DB00491	30009
LAPATINIB	http://www.drugbank.ca/drugs/DB01259	480167
GLYCOLIC ACID	http://www.drugbank.ca/drugs/DB03085	587318
BUMETANIDE	http://www.drugbank.ca/drugs/DB00887	1808
FORMIC ACID	http://www.drugbank.ca/drugs/DB01942	4537
SODIUM SULFATE	http://www.drugbank.ca/drugs/DB09476	36721
FLUDEOXYGLUCOSE F-18	http://www.drugbank.ca/drugs/DB09150	1362737
FLUDEOXYGLUCOSE F-18	http://www.drugbank.ca/drugs/DB09502	1362737
FEBUXOSTAT	http://www.drugbank.ca/drugs/DB04854	73689
BISACODYL	http://www.drugbank.ca/drugs/DB09020	1596
MALACHITE GREEN	http://www.drugbank.ca/drugs/DB03895	896038
GUANOSINE	http://www.drugbank.ca/drugs/DB02857	1591890
EZOGABINE	http://www.drugbank.ca/drugs/DB04953	1112990
PROPANTHELINE	http://www.drugbank.ca/drugs/DB00782	8761
ALCLOMETASONE	http://www.drugbank.ca/drugs/DB00240	108088
PRIMIDONE	http://www.drugbank.ca/drugs/DB00794	8691
PIROXICAM	http://www.drugbank.ca/drugs/DB00554	8356
ALOSETRON	http://www.drugbank.ca/drugs/DB00969	85248
METRONIDAZOLE	http://www.drugbank.ca/drugs/DB00916	6922
CILASTATIN	http://www.drugbank.ca/drugs/DB01597	2540
CARBON DIOXIDE	http://www.drugbank.ca/drugs/DB09157	2034
CALCIPOTRIENE	http://www.drugbank.ca/drugs/DB02300	29365
DICLOFENAC	http://www.drugbank.ca/drugs/DB00586	3355
TITANIUM DIOXIDE	http://www.drugbank.ca/drugs/DB09536	38323
DOCETAXEL	http://www.drugbank.ca/drugs/DB01248	72962
DESOXYCORTICOSTERONE PIVALATE	http://www.drugbank.ca/drugs/DB01134	22537
NITROPRUSSIDE	http://www.drugbank.ca/drugs/DB00325	7476
IOTHALAMIC ACID	http://www.drugbank.ca/drugs/DB09133	1546451
LAURYL ALCOHOL	http://www.drugbank.ca/drugs/DB06894	1362875
NOVOBIOCIN	http://www.drugbank.ca/drugs/DB01051	7538
SACUBITRIL	http://www.drugbank.ca/drugs/DB09292	1656328
PENICILLIN G PROCAINE	http://www.drugbank.ca/drugs/DB09320	7983
AMITRIPTYLINE	http://www.drugbank.ca/drugs/DB00321	704
CHLORAMBUCIL	http://www.drugbank.ca/drugs/DB00291	2346
PANTOTHENIC ACID	http://www.drugbank.ca/drugs/DB01783	7891
PYRIDOSTIGMINE	http://www.drugbank.ca/drugs/DB00545	9000
CICLOPIROX	http://www.drugbank.ca/drugs/DB01188	21090
XANTHINE	http://www.drugbank.ca/drugs/DB02134	1311085
TERIFLUNOMIDE	http://www.drugbank.ca/drugs/DB08880	1310520
CABOZANTINIB	http://www.drugbank.ca/drugs/DB08875	1363268
POTASSIUM IODIDE	http://www.drugbank.ca/drugs/DB06715	8597
CHOLECALCIFEROL	http://www.drugbank.ca/drugs/DB00169	2418
DACTINOMYCIN	http://www.drugbank.ca/drugs/DB00970	3100
FORMALDEHYDE	http://www.drugbank.ca/drugs/DB03843	4530
PIMOZIDE	http://www.drugbank.ca/drugs/DB01100	8331
TRIAZOLAM	http://www.drugbank.ca/drugs/DB00897	10767
LANOSTEROL	http://www.drugbank.ca/drugs/DB03696	1442199
SERINE, D-	http://www.drugbank.ca/drugs/DB03929	1742747
POTASSIUM ALUM	http://www.drugbank.ca/drugs/DB09087	221456
ADAPALENE	http://www.drugbank.ca/drugs/DB00210	60223
ALFENTANIL	http://www.drugbank.ca/drugs/DB00802	480
APREPITANT	http://www.drugbank.ca/drugs/DB00673	358255
BENZTROPINE	http://www.drugbank.ca/drugs/DB00245	1424
ALMOTRIPTAN	http://www.drugbank.ca/drugs/DB00918	279645
DEXPANTHENOL	http://www.drugbank.ca/drugs/DB09357	22701
TAFLUPROST	http://www.drugbank.ca/drugs/DB08819	1244607
PIPERAZINE	http://www.drugbank.ca/drugs/DB00592	8340
TRANDOLAPRIL	http://www.drugbank.ca/drugs/DB00519	38454
ALITRETINOIN	http://www.drugbank.ca/drugs/DB00523	81864
DAPAGLIFLOZIN	http://www.drugbank.ca/drugs/DB06292	1488564
RIFABUTIN	http://www.drugbank.ca/drugs/DB00615	55672
PHENYLEPHRINE	http://www.drugbank.ca/drugs/DB00388	8163
NAFARELIN	http://www.drugbank.ca/drugs/DB00666	28656
IBRUTINIB	http://www.drugbank.ca/drugs/DB09053	1442981
FLUDARABINE PHOSPHATE	http://www.drugbank.ca/drugs/DB01073	25102
IVACAFTOR	http://www.drugbank.ca/drugs/DB08820	1243041
TRIAMCINOLONE	http://www.drugbank.ca/drugs/DB00620	10759
HELIUM	http://www.drugbank.ca/drugs/DB09155	5140
VEMURAFENIB	http://www.drugbank.ca/drugs/DB08881	1147220
PALMITOLEIC ACID	http://www.drugbank.ca/drugs/DB04257	32812
OSELTAMIVIR	http://www.drugbank.ca/drugs/DB00198	260101
RIBOFLAVIN 5'-PHOSPHATE SODIUM	http://www.drugbank.ca/drugs/DB09358	9906
SULFANILAMIDE	http://www.drugbank.ca/drugs/DB00259	10184
CAMPHOR, (-)-	http://www.drugbank.ca/drugs/DB01744	1648124
TRIFLUOPERAZINE	http://www.drugbank.ca/drugs/DB00831	10800
HYDROXYPROGESTERONE	http://www.drugbank.ca/drugs/DB06789	5542
THIMEROSAL	http://www.drugbank.ca/drugs/DB02731	10472
SODIUM PHOSPHATE, DIBASIC, ANHYDROUS	http://www.drugbank.ca/drugs/DB09127	314838
SODIUM PHOSPHATE, DIBASIC, ANHYDROUS	http://www.drugbank.ca/drugs/DB09524	314838
SODIUM PHOSPHATE, DIBASIC, ANHYDROUS	http://www.drugbank.ca/drugs/DB09542	314838
LURASIDONE	http://www.drugbank.ca/drugs/DB08815	1040028
ELETRIPTAN	http://www.drugbank.ca/drugs/DB00216	231049
RALTEGRAVIR	http://www.drugbank.ca/drugs/DB06817	719872
OMBITASVIR	http://www.drugbank.ca/drugs/DB09296	1597371
CLAVULANIC ACID	http://www.drugbank.ca/drugs/DB00766	21216
HYPOPHOSPHITE ION	http://www.drugbank.ca/drugs/DB04053	1546440
QUINUPRISTIN	http://www.drugbank.ca/drugs/DB01369	229367
O-AMINOPHENOL	http://www.drugbank.ca/drugs/DB01726	1740241
IOBENGUANE SULFATE I-123	http://www.drugbank.ca/drugs/DB09546	1427223
LOPINAVIR	http://www.drugbank.ca/drugs/DB01601	195088
KAOLIN	http://www.drugbank.ca/drugs/DB01575	6102
PERGOLIDE	http://www.drugbank.ca/drugs/DB01186	8047
REGORAFENIB	http://www.drugbank.ca/drugs/DB08896	1312397
NAFTIFINE HYDROCHLORIDE	http://www.drugbank.ca/drugs/DB00735	91293
SULFAMETHIZOLE	http://www.drugbank.ca/drugs/DB00576	10179
NIACINAMIDE	http://www.drugbank.ca/drugs/DB02701	7405
VISMODEGIB	http://www.drugbank.ca/drugs/DB08828	1242987
NIACIN	http://www.drugbank.ca/drugs/DB00627	7393
URIC ACID	http://www.drugbank.ca/drugs/DB08844	1427088
HYDRALAZINE	http://www.drugbank.ca/drugs/DB01275	5470
LEVORPHANOL	http://www.drugbank.ca/drugs/DB00854	6378
HYDROXYPROGESTERONE CAPROATE	http://www.drugbank.ca/drugs/DB06789	12488
SPIRONOLACTONE	http://www.drugbank.ca/drugs/DB00421	9997
AMINOPHYLLINE	http://www.drugbank.ca/drugs/DB01223	689
ARACHIDONIC ACID	http://www.drugbank.ca/drugs/DB04557	1368624
CEFADROXIL	http://www.drugbank.ca/drugs/DB01140	2177
LEVAMISOLE	http://www.drugbank.ca/drugs/DB00848	6371
VALDECOXIB	http://www.drugbank.ca/drugs/DB00580	278567
CITRIC ACID MONOHYDRATE	http://www.drugbank.ca/drugs/DB04272	21183
CITRIC ACID MONOHYDRATE	http://www.drugbank.ca/drugs/DB04272	221079
CITRIC ACID MONOHYDRATE	http://www.drugbank.ca/drugs/DB04272	221946
SODIUM IODIDE I-123	http://www.drugbank.ca/drugs/DB09420	91531
SODIUM IODIDE I-131	http://www.drugbank.ca/drugs/DB09293	91535
CITRULLINE	http://www.drugbank.ca/drugs/DB00155	2567
.GAMMA.-AMINOBUTYRIC ACID	http://www.drugbank.ca/drugs/DB09222	4617
DEFERIPRONE	http://www.drugbank.ca/drugs/DB08826	11645
VALRUBICIN	http://www.drugbank.ca/drugs/DB00385	31435
ESTRONE	http://www.drugbank.ca/drugs/DB00655	4103
DABIGATRAN ETEXILATE	http://www.drugbank.ca/drugs/DB06695	1037042
ZOLMITRIPTAN	http://www.drugbank.ca/drugs/DB00315	135775
SPERMINE	http://www.drugbank.ca/drugs/DB00127	1483263
BREXPIPRAZOLE	http://www.drugbank.ca/drugs/DB09128	1658314
SELEGILINE	http://www.drugbank.ca/drugs/DB01037	9639
EPROSARTAN	http://www.drugbank.ca/drugs/DB00876	83515
PYRAZINAMIDE	http://www.drugbank.ca/drugs/DB00339	8987
TRIPROLIDINE	http://www.drugbank.ca/drugs/DB00427	10849
CLOBAZAM	http://www.drugbank.ca/drugs/DB00349	21241
FOSFOMYCIN	http://www.drugbank.ca/drugs/DB00828	4550
TELBIVUDINE	http://www.drugbank.ca/drugs/DB01265	474128
ACTIVATED CHARCOAL	http://www.drugbank.ca/drugs/DB09278	272
QUETIAPINE FUMARATE	http://www.drugbank.ca/drugs/DB01224	221153
LAMIVUDINE	http://www.drugbank.ca/drugs/DB00709	68244
MAPROTILINE	http://www.drugbank.ca/drugs/DB00934	6646
OLEIC ACID	http://www.drugbank.ca/drugs/DB04224	7631
PALMITIC ACID	http://www.drugbank.ca/drugs/DB03796	1426390
FLUOCINONIDE	http://www.drugbank.ca/drugs/DB01047	4462
URIDINE TRIACETATE	http://www.drugbank.ca/drugs/DB09144	1665222
REGADENOSON	http://www.drugbank.ca/drugs/DB06213	640062
YOHIMBINE	http://www.drugbank.ca/drugs/DB01392	220982
CYPROHEPTADINE	http://www.drugbank.ca/drugs/DB00434	3013
ANASTROZOLE	http://www.drugbank.ca/drugs/DB01217	84857
THREONINE	http://www.drugbank.ca/drugs/DB00156	10524
INSULIN GLARGINE	http://www.drugbank.ca/drugs/DB00047	274783
ETONOGESTREL	http://www.drugbank.ca/drugs/DB00294	14584
SULFADIMETHOXINE	http://www.drugbank.ca/drugs/DB06150	10172
4-HYDROXYBUTANOIC ACID	http://www.drugbank.ca/drugs/DB01440	1546380
ASPARTIC ACID	http://www.drugbank.ca/drugs/DB00128	1169
GUANFACINE	http://www.drugbank.ca/drugs/DB01018	40114
COLFOSCERIL PALMITATE	http://www.drugbank.ca/drugs/DB09114	69782
NITRIC OXIDE	http://www.drugbank.ca/drugs/DB00435	7442
MIFEPRISTONE	http://www.drugbank.ca/drugs/DB00834	6964
PHENETHYLAMINE	http://www.drugbank.ca/drugs/DB04325	1309741
GRISEOFULVIN	http://www.drugbank.ca/drugs/DB00400	5021
PHENOL	http://www.drugbank.ca/drugs/DB03255	33290
CARBAMAZEPINE	http://www.drugbank.ca/drugs/DB00564	2002
TRAMETINIB	http://www.drugbank.ca/drugs/DB08911	1425099
ISOCARBOXAZID	http://www.drugbank.ca/drugs/DB01247	6011
PENCICLOVIR	http://www.drugbank.ca/drugs/DB00299	59839
ESTRAMUSTINE	http://www.drugbank.ca/drugs/DB01196	4089
PROCARBAZINE	http://www.drugbank.ca/drugs/DB01168	8702
SUGAMMADEX	http://www.drugbank.ca/drugs/DB06206	1726988
ACETAMINOPHEN	http://www.drugbank.ca/drugs/DB00316	161
FOSCARNET	http://www.drugbank.ca/drugs/DB00529	33562
MEFENAMIC ACID	http://www.drugbank.ca/drugs/DB00784	6693
SODIUM LAURYL SULFATE	http://www.drugbank.ca/drugs/DB00815	9871
NALOXONE	http://www.drugbank.ca/drugs/DB01183	7242
SODIUM SULFATE ANHYDROUS	http://www.drugbank.ca/drugs/DB09472	1299926
ESTAZOLAM	http://www.drugbank.ca/drugs/DB01215	4077
CEFTOLOZANE	http://www.drugbank.ca/drugs/DB09050	1597609
FLIBANSERIN	http://www.drugbank.ca/drugs/DB04908	1665509
SEVOFLURANE	http://www.drugbank.ca/drugs/DB01236	36453
PROPOXYPHENE NAPSYLATE	http://www.drugbank.ca/drugs/DB09396	8786
PENTOSTATIN	http://www.drugbank.ca/drugs/DB00552	8011
NEOSTIGMINE	http://www.drugbank.ca/drugs/DB01400	7315
ISOSULFAN BLUE	http://www.drugbank.ca/drugs/DB09136	27863
MAGNESIUM OXIDE	http://www.drugbank.ca/drugs/DB01377	6582
BROMOCRIPTINE	http://www.drugbank.ca/drugs/DB01200	1760
OSIMERTINIB	http://www.drugbank.ca/drugs/DB09330	1721560
TRIPELENNAMINE	http://www.drugbank.ca/drugs/DB00792	10847
DOXERCALCIFEROL	http://www.drugbank.ca/drugs/DB06410	11516
FLAVOXATE	http://www.drugbank.ca/drugs/DB01148	4440
TOLUENE	http://www.drugbank.ca/drugs/DB11558	1311381
STANNOUS FLUORIDE	http://www.drugbank.ca/drugs/DB11092	10030
CAFFEINE	http://www.drugbank.ca/drugs/DB00201	1886
GENTIAN VIOLET CATION	http://www.drugbank.ca/drugs/DB00406	1546369
AURANOFIN	http://www.drugbank.ca/drugs/DB00995	1227
IVABRADINE	http://www.drugbank.ca/drugs/DB09083	1649480
THALLOUS CHLORIDE TL-201	http://www.drugbank.ca/drugs/DB09316	91588
URETHANE	http://www.drugbank.ca/drugs/DB04827	1420982
THYMOL	http://www.drugbank.ca/drugs/DB02513	10553
ALCOHOL	http://www.drugbank.ca/drugs/DB00898	448
GLUTAMIC ACID	http://www.drugbank.ca/drugs/DB00142	25916
SILDENAFIL	http://www.drugbank.ca/drugs/DB00203	136411
IOFLUPANE I-123	http://www.drugbank.ca/drugs/DB08824	1426874
IOFLUPANE I-123	http://www.drugbank.ca/drugs/DB09548	1426874
VORTIOXETINE	http://www.drugbank.ca/drugs/DB09068	1455099
MANNITOL	http://www.drugbank.ca/drugs/DB00742	6628
TRIETHYLENE GLYCOL	http://www.drugbank.ca/drugs/DB02327	1368702
HISTAMINE DIHYDROCHLORIDE	http://www.drugbank.ca/drugs/DB05891	142136
LACTIC ACID, D-	http://www.drugbank.ca/drugs/DB03066	1742994
FINGOLIMOD	http://www.drugbank.ca/drugs/DB08868	1012892
BETAINE	http://www.drugbank.ca/drugs/DB06756	1512
BETAINE	http://www.drugbank.ca/drugs/DB06756	350374
EUGENOL	http://www.drugbank.ca/drugs/DB09086	4186
CLINDAMYCIN	http://www.drugbank.ca/drugs/DB01190	2582
LINAGLIPTIN	http://www.drugbank.ca/drugs/DB08882	1100699
SULFASALAZINE	http://www.drugbank.ca/drugs/DB00795	9524
TESTOSTERONE	http://www.drugbank.ca/drugs/DB00624	10379
CEFACLOR ANHYDROUS	http://www.drugbank.ca/drugs/DB00833	1450910
EPIRUBICIN	http://www.drugbank.ca/drugs/DB00445	3995
APIXABAN	http://www.drugbank.ca/drugs/DB06605	1364430
ETHYLMERCURITHIOSALICYLIC ACID	http://www.drugbank.ca/drugs/DB02731	1546427
ANDROSTENEDIONE	http://www.drugbank.ca/drugs/DB01536	784
BUPRENORPHINE	http://www.drugbank.ca/drugs/DB00921	1819
FLUMAZENIL	http://www.drugbank.ca/drugs/DB01205	4457
BUTYRIC ACID	http://www.drugbank.ca/drugs/DB03568	1362696
ROSUVASTATIN	http://www.drugbank.ca/drugs/DB01098	301542
ADENOSINE PHOSPHATE	http://www.drugbank.ca/drugs/DB00131	309
ADENOSINE PHOSPHATE	http://www.drugbank.ca/drugs/DB00415	309
MAGNESIUM SALICYLATE	http://www.drugbank.ca/drugs/DB01397	52364
CHLORAL HYDRATE	http://www.drugbank.ca/drugs/DB01563	2344
CETYL CAPRYLATE	http://www.drugbank.ca/drugs/DB02425	1306181
AFATINIB	http://www.drugbank.ca/drugs/DB08916	1430438
PAROXETINE	http://www.drugbank.ca/drugs/DB00715	32937
NATEGLINIDE	http://www.drugbank.ca/drugs/DB00731	274332
ETHINYL ESTRADIOL	http://www.drugbank.ca/drugs/DB00977	4124
AMCINONIDE	http://www.drugbank.ca/drugs/DB00288	17652
TYROSINE	http://www.drugbank.ca/drugs/DB03839	10962
EMEDASTINE DIFUMARATE	http://www.drugbank.ca/drugs/DB01084	221094
MANGANESE	http://www.drugbank.ca/drugs/DB06757	6623
PONATINIB	http://www.drugbank.ca/drugs/DB08901	1364347
DIHYDROERGOTAMINE	http://www.drugbank.ca/drugs/DB00320	3418
METHAMPHETAMINE	http://www.drugbank.ca/drugs/DB01577	6816
NALOXEGOL	http://www.drugbank.ca/drugs/DB09049	1551777
LEVETIRACETAM	http://www.drugbank.ca/drugs/DB01202	114477
SCOPOLAMINE HYDROBROMIDE	http://www.drugbank.ca/drugs/DB00747	9603
SODIUM CHLORIDE	http://www.drugbank.ca/drugs/DB09153	9863
SERINE	http://www.drugbank.ca/drugs/DB00133	9671
SODIUM ACETATE	http://www.drugbank.ca/drugs/DB09395	237108
SODIUM ACETATE	http://www.drugbank.ca/drugs/DB09395	56443
ZONISAMIDE	http://www.drugbank.ca/drugs/DB00909	39998
PRASTERONE	http://www.drugbank.ca/drugs/DB01708	3143
ELUXADOLINE	http://www.drugbank.ca/drugs/DB09272	1653781
LEVODOPA	http://www.drugbank.ca/drugs/DB01235	6375
DIENOGEST	http://www.drugbank.ca/drugs/DB09123	22968
PHENYLALANINE	http://www.drugbank.ca/drugs/DB00120	8156
CLADRIBINE	http://www.drugbank.ca/drugs/DB00242	44157
MECLOFENAMIC ACID	http://www.drugbank.ca/drugs/DB00939	6678
CYSTINE	http://www.drugbank.ca/drugs/DB00138	3036
SULFAMETHAZINE	http://www.drugbank.ca/drugs/DB01582	10178
ALDOSTERONE	http://www.drugbank.ca/drugs/DB04630	1312358
MONOFLUOROPHOSPHATE ION	http://www.drugbank.ca/drugs/DB02348	1546445
SULFACETAMIDE	http://www.drugbank.ca/drugs/DB00634	10169
RIBAVIRIN	http://www.drugbank.ca/drugs/DB00811	9344
ENTACAPONE	http://www.drugbank.ca/drugs/DB00494	60307
PROPYL ACETATE	http://www.drugbank.ca/drugs/DB01670	1649519
ZIDOVUDINE	http://www.drugbank.ca/drugs/DB00495	11413
CHOLINE FENOFIBRATE	http://www.drugbank.ca/drugs/DB09545	1433887
NAFCILLIN	http://www.drugbank.ca/drugs/DB00607	7233
DESOXIMETASONE	http://www.drugbank.ca/drugs/DB00547	3255
STEARIC ACID	http://www.drugbank.ca/drugs/DB03193	1310551
LAURAMINE OXIDE	http://www.drugbank.ca/drugs/DB04147	1364388
NAFTIFINE	http://www.drugbank.ca/drugs/DB00735	31476
PROGESTERONE	http://www.drugbank.ca/drugs/DB00396	8727
CAPRIC ACID	http://www.drugbank.ca/drugs/DB03600	22380
ELVITEGRAVIR	http://www.drugbank.ca/drugs/DB09101	1306286
NADH	http://www.drugbank.ca/drugs/DB00157	7222
POTASSIUM PHOSPHATE, MONOBASIC	http://www.drugbank.ca/drugs/DB09413	55019
DICYCLOMINE	http://www.drugbank.ca/drugs/DB00804	3361
INOSITOL	http://www.drugbank.ca/drugs/DB03106	5833
GALLIUM CITRATE GA-67	http://www.drugbank.ca/drugs/DB09412	272758
RETAPAMULIN	http://www.drugbank.ca/drugs/DB01256	642274
PROTRIPTYLINE	http://www.drugbank.ca/drugs/DB00344	8886
TRICLOSAN	http://www.drugbank.ca/drugs/DB08604	10795
GRAZOPREVIR	http://www.drugbank.ca/drugs/DB11575	1734630
ESCITALOPRAM	http://www.drugbank.ca/drugs/DB01175	321988
MESALAMINE	http://www.drugbank.ca/drugs/DB00244	52582
HISTIDINE	http://www.drugbank.ca/drugs/DB00117	5340
ACETOHYDROXAMIC ACID	http://www.drugbank.ca/drugs/DB00551	16728
P-ANISIC ACID	http://www.drugbank.ca/drugs/DB02795	1426595
ESTRADIOL	http://www.drugbank.ca/drugs/DB00783	4083
MALONDIALDEHYDE	http://www.drugbank.ca/drugs/DB03057	1657018
PROCAINE	http://www.drugbank.ca/drugs/DB00721	8701
BOSUTINIB	http://www.drugbank.ca/drugs/DB06616	1307619
HYDROFLUMETHIAZIDE	http://www.drugbank.ca/drugs/DB00774	5495
ALISKIREN	http://www.drugbank.ca/drugs/DB09026	325646
SORBITOL	http://www.drugbank.ca/drugs/DB01638	9945
SORBITOL	http://www.drugbank.ca/drugs/DB09391	9945
MECHLORETHAMINE	http://www.drugbank.ca/drugs/DB00888	6674
MITOMYCIN	http://www.drugbank.ca/drugs/DB00305	632
DACLATASVIR DIHYDROCHLORIDE	http://www.drugbank.ca/drugs/DB09102	1606217
RIZATRIPTAN	http://www.drugbank.ca/drugs/DB00953	88014
CABAZITAXEL	http://www.drugbank.ca/drugs/DB06772	996051
NILUTAMIDE	http://www.drugbank.ca/drugs/DB00665	31805
CRIZOTINIB	http://www.drugbank.ca/drugs/DB08700	1148495
MILTEFOSINE	http://www.drugbank.ca/drugs/DB09031	1494066
CYTISINE	http://www.drugbank.ca/drugs/DB09028	1723152
VECURONIUM	http://www.drugbank.ca/drugs/DB01339	1546399
VECURONIUM	http://www.drugbank.ca/drugs/DB01339	71535
ACEPROMAZINE	http://www.drugbank.ca/drugs/DB01614	155
METHIMAZOLE	http://www.drugbank.ca/drugs/DB00763	6835
TECHNETIUM TC-99M SULFUR COLLOID	http://www.drugbank.ca/drugs/DB09397	1423270
DOMPERIDONE	http://www.drugbank.ca/drugs/DB01184	3626
PERGOLIDE MESYLATE	http://www.drugbank.ca/drugs/DB01186	8048
PREGABALIN	http://www.drugbank.ca/drugs/DB00230	187832
LACOSAMIDE	http://www.drugbank.ca/drugs/DB06218	623400
TRETINOIN	http://www.drugbank.ca/drugs/DB00755	10753
URACIL	http://www.drugbank.ca/drugs/DB03419	10995
METHYLDOPA	http://www.drugbank.ca/drugs/DB00968	6876
FINASTERIDE	http://www.drugbank.ca/drugs/DB01216	25025
ROLAPITANT HYDROCHLORIDE	http://www.drugbank.ca/drugs/DB09291	1673367
NAPROXEN	http://www.drugbank.ca/drugs/DB08298	7258
NAPROXEN	http://www.drugbank.ca/drugs/DB00788	7258
MAFENIDE	http://www.drugbank.ca/drugs/DB06795	6572
METHYL AMINOLEVULINATE	http://www.drugbank.ca/drugs/DB00992	337068
VORINOSTAT	http://www.drugbank.ca/drugs/DB02546	194337
INDIUM CHLORIDE IN-111	http://www.drugbank.ca/drugs/DB09490	42987
SODIUM PHOSPHATE, MONOBASIC, MONOHYDRATE	http://www.drugbank.ca/drugs/DB09525	221125
MINOXIDIL	http://www.drugbank.ca/drugs/DB00350	6984
PROPANEDIOL	http://www.drugbank.ca/drugs/DB02774	1363030
ENTECAVIR	http://www.drugbank.ca/drugs/DB00442	306266
NEFAZODONE	http://www.drugbank.ca/drugs/DB01149	31565
LINDANE	http://www.drugbank.ca/drugs/DB00431	1388
FUSIDIC ACID	http://www.drugbank.ca/drugs/DB02703	4608
INOSINE	http://www.drugbank.ca/drugs/DB04335	1483575
AMINOSALICYLIC ACID	http://www.drugbank.ca/drugs/DB00233	7833
BECLOMETHASONE DIPROPIONATE	http://www.drugbank.ca/drugs/DB00394	1348
PALONOSETRON	http://www.drugbank.ca/drugs/DB00377	70561
CIPROFLOXACIN	http://www.drugbank.ca/drugs/DB00537	2551
SELEXIPAG	http://www.drugbank.ca/drugs/DB11362	1729002
RUTIN	http://www.drugbank.ca/drugs/DB01698	9500
VINCRISTINE	http://www.drugbank.ca/drugs/DB00541	11202
MONOETHANOLAMINE	http://www.drugbank.ca/drugs/DB03994	24457
CARGLUMIC ACID	http://www.drugbank.ca/drugs/DB06775	401713
TECHNETIUM TC-99M PYROPHOSPHATE	http://www.drugbank.ca/drugs/DB09165	1488368
CLONAZEPAM	http://www.drugbank.ca/drugs/DB01068	2598
ALUMINUM HYDROXIDE	http://www.drugbank.ca/drugs/DB06723	612
FAMOTIDINE	http://www.drugbank.ca/drugs/DB00927	4278
DEMECLOCYCLINE	http://www.drugbank.ca/drugs/DB00618	3154
STRONTIUM CHLORIDE SR-89	http://www.drugbank.ca/drugs/DB09498	281890
AMPRENAVIR	http://www.drugbank.ca/drugs/DB00701	228656
NALTREXONE	http://www.drugbank.ca/drugs/DB00704	7243
CEPHALEXIN ANHYDROUS	http://www.drugbank.ca/drugs/DB00567	1299782
ANHYDROUS DEXTROSE	http://www.drugbank.ca/drugs/DB11280	349730
DIATRIZOIC ACID	http://www.drugbank.ca/drugs/DB00271	1546223
CYSTEAMINE	http://www.drugbank.ca/drugs/DB00847	3022
VINBLASTINE	http://www.drugbank.ca/drugs/DB00570	11198
STREPTOZOCIN	http://www.drugbank.ca/drugs/DB00428	10114
INDINAVIR	http://www.drugbank.ca/drugs/DB00224	114289
LEVONORGESTREL	http://www.drugbank.ca/drugs/DB00367	6373
PROTIRELIN	http://www.drugbank.ca/drugs/DB09421	10580
CHLOROPROCAINE	http://www.drugbank.ca/drugs/DB01161	20859
GUANINE	http://www.drugbank.ca/drugs/DB02377	1372539
NELARABINE	http://www.drugbank.ca/drugs/DB01280	274771
PROPYLENE GLYCOL, (R)-	http://www.drugbank.ca/drugs/DB02159	1314303
VALPROIC ACID	http://www.drugbank.ca/drugs/DB00313	11118
PHENYTOIN	http://www.drugbank.ca/drugs/DB00252	8183
OROTIC ACID	http://www.drugbank.ca/drugs/DB02262	7712
PAROMOMYCIN	http://www.drugbank.ca/drugs/DB01421	7934
FESOTERODINE	http://www.drugbank.ca/drugs/DB06702	797195
TEMSIROLIMUS	http://www.drugbank.ca/drugs/DB06287	657797
ETHYNODIOL DIACETATE	http://www.drugbank.ca/drugs/DB00823	4170
BISMUTH SUBSALICYLATE	http://www.drugbank.ca/drugs/DB01294	19478
ELBASVIR	http://www.drugbank.ca/drugs/DB11574	1734628
LORCASERIN	http://www.drugbank.ca/drugs/DB04871	1300701
ERYTHROMYCIN	http://www.drugbank.ca/drugs/DB00199	4053
ALLOPURINOL	http://www.drugbank.ca/drugs/DB00437	519
IODOQUINOL	http://www.drugbank.ca/drugs/DB09115	3435
DIPYRIDAMOLE	http://www.drugbank.ca/drugs/DB00975	3521
POTASSIUM CHLORIDE	http://www.drugbank.ca/drugs/DB00761	8591
REPAGLINIDE	http://www.drugbank.ca/drugs/DB00912	73044
CHLORAMPHENICOL	http://www.drugbank.ca/drugs/DB00446	2348
PARICALCITOL	http://www.drugbank.ca/drugs/DB00910	73710
PENTAMIDINE	http://www.drugbank.ca/drugs/DB00738	7994
ALVIMOPAN	http://www.drugbank.ca/drugs/DB06274	480639
DEXMEDETOMIDINE	http://www.drugbank.ca/drugs/DB00633	48937
CAPECITABINE	http://www.drugbank.ca/drugs/DB01101	194000
RIBOSE, D-	http://www.drugbank.ca/drugs/DB01936	1314858
EPLERENONE	http://www.drugbank.ca/drugs/DB00700	298869
BORTEZOMIB	http://www.drugbank.ca/drugs/DB00188	358258
CEFACLOR	http://www.drugbank.ca/drugs/DB00833	2176
CYCLOBENZAPRINE	http://www.drugbank.ca/drugs/DB00924	21949
ENALAPRIL	http://www.drugbank.ca/drugs/DB00584	3827
TIZANIDINE	http://www.drugbank.ca/drugs/DB00697	57258
CANGRELOR	http://www.drugbank.ca/drugs/DB06441	1656052
GABAPENTIN	http://www.drugbank.ca/drugs/DB00996	25480
ACETYLCARNITINE	http://www.drugbank.ca/drugs/DB08842	193
OMACETAXINE MEPESUCCINATE	http://www.drugbank.ca/drugs/DB04865	27100
ICOSAPENT ETHYL	http://www.drugbank.ca/drugs/DB08887	1304974
LEVOFLOXACIN	http://www.drugbank.ca/drugs/DB01137	82122
ULIPRISTAL	http://www.drugbank.ca/drugs/DB08867	1005921
KOJIC ACID	http://www.drugbank.ca/drugs/DB01759	1426451
ESTRONE SODIUM SULFATE	http://www.drugbank.ca/drugs/DB00286	91428
GLIMEPIRIDE	http://www.drugbank.ca/drugs/DB00222	25789
NICOTINE	http://www.drugbank.ca/drugs/DB00184	7407
CEFOXITIN	http://www.drugbank.ca/drugs/DB01331	2189
ETOPOSIDE	http://www.drugbank.ca/drugs/DB00773	4179
TILUDRONIC ACID	http://www.drugbank.ca/drugs/DB01133	11476
VANCOMYCIN	http://www.drugbank.ca/drugs/DB00512	11124
PHENOLPHTHALEIN	http://www.drugbank.ca/drugs/DB04824	155122
CHLORDIAZEPOXIDE	http://www.drugbank.ca/drugs/DB00475	2356
CANAGLIFLOZIN ANHYDROUS	http://www.drugbank.ca/drugs/DB08907	1546031
BIOTIN	http://www.drugbank.ca/drugs/DB00121	1588
TRANEXAMIC ACID	http://www.drugbank.ca/drugs/DB00302	10691
POSACONAZOLE	http://www.drugbank.ca/drugs/DB01263	282446
LEVOCETIRIZINE	http://www.drugbank.ca/drugs/DB06282	356887
ZIPRASIDONE	http://www.drugbank.ca/drugs/DB00246	115698
FLORBETAPIR F-18	http://www.drugbank.ca/drugs/DB09149	1427224
UNOPROSTONE	http://www.drugbank.ca/drugs/DB06826	1546408
LOPERAMIDE	http://www.drugbank.ca/drugs/DB00836	6468
HYDROCODONE	http://www.drugbank.ca/drugs/DB00956	5489
LATANOPROST	http://www.drugbank.ca/drugs/DB00654	43611
BENZOPHENONE	http://www.drugbank.ca/drugs/DB01878	18997
2,3-DIHYDROXY BENZOIC ACID	http://www.drugbank.ca/drugs/DB01672	1727169
SULFUR	http://www.drugbank.ca/drugs/DB09353	10223
EDROPHONIUM	http://www.drugbank.ca/drugs/DB01010	1546421
EDROPHONIUM	http://www.drugbank.ca/drugs/DB01010	3752
ZOLEDRONIC ACID ANHYDROUS	http://www.drugbank.ca/drugs/DB00399	1546014
TIGECYCLINE	http://www.drugbank.ca/drugs/DB00560	384455
SODIUM PHOSPHATE, DIBASIC, HEPTAHYDRATE	http://www.drugbank.ca/drugs/DB09468	221090
IXAZOMIB	http://www.drugbank.ca/drugs/DB09570	1723735
IMIPENEM	http://www.drugbank.ca/drugs/DB01598	5690
PROPYLTHIOURACIL	http://www.drugbank.ca/drugs/DB00550	8794
MENADIONE	http://www.drugbank.ca/drugs/DB00170	6728
URSODIOL	http://www.drugbank.ca/drugs/DB01586	11065
CARFILZOMIB	http://www.drugbank.ca/drugs/DB08889	1302966
THIOTHIXENE	http://www.drugbank.ca/drugs/DB01623	10510
DIPHENOXYLATE	http://www.drugbank.ca/drugs/DB01081	3500
AVIBACTAM	http://www.drugbank.ca/drugs/DB09060	1603834
DEXTROMETHORPHAN	http://www.drugbank.ca/drugs/DB00514	3289
SAMARIUM SM-153 LEXIDRONAM PENTASODIUM	http://www.drugbank.ca/drugs/DB09509	317675
DIGOXIN	http://www.drugbank.ca/drugs/DB00390	3407
PREGNENOLONE	http://www.drugbank.ca/drugs/DB02789	114052
CARBOCYSTEINE	http://www.drugbank.ca/drugs/DB04339	2023
SULFISOXAZOLE	http://www.drugbank.ca/drugs/DB00263	10207
TADALAFIL	http://www.drugbank.ca/drugs/DB00820	358263
HEMIN	http://www.drugbank.ca/drugs/DB03404	5175
CEFTRIAXONE	http://www.drugbank.ca/drugs/DB01212	2193
DEXBROMPHENIRAMINE	http://www.drugbank.ca/drugs/DB00405	22696
CLOFARABINE	http://www.drugbank.ca/drugs/DB00631	44151
LUBIPROSTONE	http://www.drugbank.ca/drugs/DB01046	623033
IRINOTECAN	http://www.drugbank.ca/drugs/DB00762	51499
INGENOL MEBUTATE	http://www.drugbank.ca/drugs/DB05013	1242806
CIDOFOVIR ANHYDROUS	http://www.drugbank.ca/drugs/DB00369	1546007
MORPHINE	http://www.drugbank.ca/drugs/DB00295	7052
FLUTAMIDE	http://www.drugbank.ca/drugs/DB00499	4508
MYRICETIN	http://www.drugbank.ca/drugs/DB02375	1368374
NETUPITANT	http://www.drugbank.ca/drugs/DB09048	1552337
DECITABINE	http://www.drugbank.ca/drugs/DB01262	15657
CLOBETASOL PROPIONATE	http://www.drugbank.ca/drugs/DB01013	21245
N,N-DIMETHYLGLYCINE	http://www.drugbank.ca/drugs/DB02083	1313173
CHLOROTHIAZIDE	http://www.drugbank.ca/drugs/DB00880	2396
BEDAQUILINE	http://www.drugbank.ca/drugs/DB08903	1364504
COPPER	http://www.drugbank.ca/drugs/DB09130	2837
FLUNISOLIDE ANHYDROUS	http://www.drugbank.ca/drugs/DB00180	1546428
CEFDITOREN PIVOXIL	http://www.drugbank.ca/drugs/DB01066	72611
LORATADINE	http://www.drugbank.ca/drugs/DB00455	28889
REGADENOSON ANHYDROUS	http://www.drugbank.ca/drugs/DB06213	1546015
CARBOPROST	http://www.drugbank.ca/drugs/DB00429	2051
CLIOQUINOL	http://www.drugbank.ca/drugs/DB04815	5942
MASOPROCOL	http://www.drugbank.ca/drugs/DB05900	227239
MASOPROCOL	http://www.drugbank.ca/drugs/DB00179	227239
LOMUSTINE	http://www.drugbank.ca/drugs/DB01206	6466
DIFLUNISAL	http://www.drugbank.ca/drugs/DB00861	3393
AMPICILLIN	http://www.drugbank.ca/drugs/DB00415	733
PSEUDOEPHEDRINE	http://www.drugbank.ca/drugs/DB00852	8896
AMILORIDE	http://www.drugbank.ca/drugs/DB00594	644
SODIUM OXYBATE	http://www.drugbank.ca/drugs/DB09072	9899
DACARBAZINE	http://www.drugbank.ca/drugs/DB00851	3098
OXANDROLONE	http://www.drugbank.ca/drugs/DB00621	7779
ROPIVACAINE	http://www.drugbank.ca/drugs/DB00296	35780
DRONABINOL	http://www.drugbank.ca/drugs/DB00470	10402
ZOLPIDEM	http://www.drugbank.ca/drugs/DB00425	39993
PIMECROLIMUS	http://www.drugbank.ca/drugs/DB00337	321952
RILUZOLE	http://www.drugbank.ca/drugs/DB00740	35623
LETROZOLE	http://www.drugbank.ca/drugs/DB01006	72965
FUROSEMIDE	http://www.drugbank.ca/drugs/DB00695	4603
TOPOTECAN	http://www.drugbank.ca/drugs/DB01030	57308
TOREMIFENE	http://www.drugbank.ca/drugs/DB00539	38409
CEFTAROLINE FOSAMIL	http://www.drugbank.ca/drugs/DB06590	1040004
ICATIBANT	http://www.drugbank.ca/drugs/DB06196	1148138
MEBROFENIN	http://www.drugbank.ca/drugs/DB09137	1311500
DIOSMIN	http://www.drugbank.ca/drugs/DB08995	3489
CEFPODOXIME	http://www.drugbank.ca/drugs/DB01416	20489
PAZOPANIB	http://www.drugbank.ca/drugs/DB06589	714438
DEXAMETHASONE	http://www.drugbank.ca/drugs/DB01234	3264
INDIUM IN-111 PENTETATE DISODIUM	http://www.drugbank.ca/drugs/DB09425	259268
APIGENIN	http://www.drugbank.ca/drugs/DB07352	1368130
PHENYLBUTYRIC ACID	http://www.drugbank.ca/drugs/DB02000	1546447
AMPHOTERICIN B	http://www.drugbank.ca/drugs/DB00681	732
ALCAFTADINE	http://www.drugbank.ca/drugs/DB06766	1000082
CIMETIDINE	http://www.drugbank.ca/drugs/DB00501	2541
DOXORUBICIN	http://www.drugbank.ca/drugs/DB00997	3639
AMOXICILLIN	http://www.drugbank.ca/drugs/DB01060	723
CEFEPIME	http://www.drugbank.ca/drugs/DB01413	20481
VALSARTAN	http://www.drugbank.ca/drugs/DB00177	69749
CISATRACURIUM BESYLATE	http://www.drugbank.ca/drugs/DB00565	136561
TIMOLOL	http://www.drugbank.ca/drugs/DB00373	10600
TAZAROTENE	http://www.drugbank.ca/drugs/DB00799	83947
MEBENDAZOLE	http://www.drugbank.ca/drugs/DB00643	6672
DESOGESTREL	http://www.drugbank.ca/drugs/DB00304	22656
CEFDITOREN	http://www.drugbank.ca/drugs/DB01066	83682
HISTAMINE	http://www.drugbank.ca/drugs/DB11320	5333
LOMITAPIDE	http://www.drugbank.ca/drugs/DB08827	1364479
RUXOLITINIB	http://www.drugbank.ca/drugs/DB08877	1193326
ARIPIPRAZOLE	http://www.drugbank.ca/drugs/DB01238	89013
DOLASETRON	http://www.drugbank.ca/drugs/DB00757	68091
PRAMIPEXOLE	http://www.drugbank.ca/drugs/DB00413	746741
CYCLOSPORINE	http://www.drugbank.ca/drugs/DB00091	3008
FOMEPIZOLE	http://www.drugbank.ca/drugs/DB01213	15226
AMIKACIN	http://www.drugbank.ca/drugs/DB00479	641
APRACLONIDINE	http://www.drugbank.ca/drugs/DB00964	14845
BOSUTINIB MONOHYDRATE	http://www.drugbank.ca/drugs/DB06616	1314319
GADODIAMIDE	http://www.drugbank.ca/drugs/DB00225	41144
PYRUVIC ACID	http://www.drugbank.ca/drugs/DB11194	35161
PYRUVIC ACID	http://www.drugbank.ca/drugs/DB00119	35161
BROMFENAC	http://www.drugbank.ca/drugs/DB00963	19737
POTASSIUM CITRATE ANHYDROUS	http://www.drugbank.ca/drugs/DB09125	1374802
INDOLE	http://www.drugbank.ca/drugs/DB04532	1311224
TOFACITINIB	http://www.drugbank.ca/drugs/DB08183	1357536
FERRIC OXYHYDROXIDE	http://www.drugbank.ca/drugs/DB09146	87255
ROTIGOTINE	http://www.drugbank.ca/drugs/DB05271	616739
CORTISONE ACETATE	http://www.drugbank.ca/drugs/DB01380	21655
RANITIDINE	http://www.drugbank.ca/drugs/DB00863	9143
AMINOLEVULINIC ACID	http://www.drugbank.ca/drugs/DB00855	683
FUMARIC ACID	http://www.drugbank.ca/drugs/DB01677	25389
CEPHAPIRIN	http://www.drugbank.ca/drugs/DB01139	2238
GLUCURONIC ACID	http://www.drugbank.ca/drugs/DB03156	1426906
RESERPINE	http://www.drugbank.ca/drugs/DB00206	9260
SATRAPLATIN	http://www.drugbank.ca/drugs/DB04996	1733681
TRYPTOPHAN	http://www.drugbank.ca/drugs/DB00150	10898
FLURANDRENOLIDE	http://www.drugbank.ca/drugs/DB00846	4500
ETHAMBUTOL	http://www.drugbank.ca/drugs/DB00330	4110
DIPHENHYDRAMINE	http://www.drugbank.ca/drugs/DB01075	3498
LITHIUM CATION	http://www.drugbank.ca/drugs/DB01356	1546265
MOMETASONE	http://www.drugbank.ca/drugs/DB00764	108118
SAXAGLIPTIN ANHYDROUS	http://www.drugbank.ca/drugs/DB06335	1546030
ADENOSINE TRIPHOSPHATE	http://www.drugbank.ca/drugs/DB00171	318
SODIUM BICARBONATE	http://www.drugbank.ca/drugs/DB01390	36676
METHYLENE BLUE ANHYDROUS	http://www.drugbank.ca/drugs/DB09241	6878
NATAMYCIN	http://www.drugbank.ca/drugs/DB00826	7268
INDACATEROL	http://www.drugbank.ca/drugs/DB05039	1114326
BUTYL ALCOHOL	http://www.drugbank.ca/drugs/DB02145	1310579
SUMATRIPTAN	http://www.drugbank.ca/drugs/DB00669	37418
LEVOMEFOLIC ACID	http://www.drugbank.ca/drugs/DB04789	1025342
BENZOIC ACID	http://www.drugbank.ca/drugs/DB03793	18989
OXYMETAZOLINE	http://www.drugbank.ca/drugs/DB00935	7812
FLUCONAZOLE	http://www.drugbank.ca/drugs/DB00196	4450
OLMESARTAN	http://www.drugbank.ca/drugs/DB00275	321064
DAPSONE	http://www.drugbank.ca/drugs/DB00250	3108
UREA	http://www.drugbank.ca/drugs/DB03904	11002
ACETAMIDE	http://www.drugbank.ca/drugs/DB02736	16708
CARBACHOL	http://www.drugbank.ca/drugs/DB00411	1999
SODIUM FLUORIDE	http://www.drugbank.ca/drugs/DB09325	9873
RAMELTEON	http://www.drugbank.ca/drugs/DB00980	596205
THIOTEPA	http://www.drugbank.ca/drugs/DB04572	10473
METFORMIN	http://www.drugbank.ca/drugs/DB00331	6809
HALOBETASOL PROPIONATE	http://www.drugbank.ca/drugs/DB00596	45318
MALEIC ACID	http://www.drugbank.ca/drugs/DB04299	1426330
BUTENAFINE	http://www.drugbank.ca/drugs/DB01091	47461
MYCOPHENOLATE MOFETIL	http://www.drugbank.ca/drugs/DB00688	68149
BENDAMUSTINE	http://www.drugbank.ca/drugs/DB06769	134547
NITROFURANTOIN	http://www.drugbank.ca/drugs/DB00698	235559
NITROFURANTOIN	http://www.drugbank.ca/drugs/DB00698	7454
FOLIC ACID	http://www.drugbank.ca/drugs/DB00158	4511
SPECTINOMYCIN	http://www.drugbank.ca/drugs/DB00919	270
ENZALUTAMIDE	http://www.drugbank.ca/drugs/DB08899	1307298
PROPYLENE GLYCOL, (S)-	http://www.drugbank.ca/drugs/DB04349	1663407
BRINZOLAMIDE	http://www.drugbank.ca/drugs/DB01194	194881
ARGININE	http://www.drugbank.ca/drugs/DB00125	1091
TENIPOSIDE	http://www.drugbank.ca/drugs/DB00444	10362
CYCLOSERINE	http://www.drugbank.ca/drugs/DB00260	3007
ORLISTAT	http://www.drugbank.ca/drugs/DB01083	37925
OXYBENZONE	http://www.drugbank.ca/drugs/DB01428	32673
CLEMASTINE	http://www.drugbank.ca/drugs/DB00283	2578
PANOBINOSTAT	http://www.drugbank.ca/drugs/DB06603	1603350
IODINE	http://www.drugbank.ca/drugs/DB05382	5933
TECHNETIUM TC-99M SESTAMIBI	http://www.drugbank.ca/drugs/DB09161	1482913
SEBACIC ACID	http://www.drugbank.ca/drugs/DB07645	1427068
CHOLESTEROL	http://www.drugbank.ca/drugs/DB04540	2438
TEDIZOLID	http://www.drugbank.ca/drugs/DB09042	1540825
CEFIXIME	http://www.drugbank.ca/drugs/DB00671	25033
TOLBUTAMIDE	http://www.drugbank.ca/drugs/DB01124	10635
BETAMETHASONE	http://www.drugbank.ca/drugs/DB00443	1514
PASIREOTIDE	http://www.drugbank.ca/drugs/DB06663	1364105
LIDOCAINE	http://www.drugbank.ca/drugs/DB00281	6387
NEVIRAPINE	http://www.drugbank.ca/drugs/DB00238	53654
TENOFOVIR	http://www.drugbank.ca/drugs/DB00300	117466
PROLINE	http://www.drugbank.ca/drugs/DB02853	8737
PROLINE	http://www.drugbank.ca/drugs/DB00172	8737
ETHYNODIOL	http://www.drugbank.ca/drugs/DB00823	24591
MEPERIDINE	http://www.drugbank.ca/drugs/DB00454	6754
OXALIC ACID	http://www.drugbank.ca/drugs/DB03902	1427058
AMOXICILLIN ANHYDROUS	http://www.drugbank.ca/drugs/DB01060	1297882
TROVAFLOXACIN	http://www.drugbank.ca/drugs/DB00685	115552
LITHIUM	http://www.drugbank.ca/drugs/DB01356	6448
DOCOSANOL	http://www.drugbank.ca/drugs/DB00632	594680
2-DEOXYGLUCOSE	http://www.drugbank.ca/drugs/DB08831	1733674
EDETIC ACID	http://www.drugbank.ca/drugs/DB00974	3755
CAPTOPRIL	http://www.drugbank.ca/drugs/DB01197	1998
SAXAGLIPTIN MONOHYDRATE	http://www.drugbank.ca/drugs/DB06335	857974
ANIDULAFUNGIN	http://www.drugbank.ca/drugs/DB00362	341018
EVEROLIMUS	http://www.drugbank.ca/drugs/DB01590	141704
PIPERACILLIN ANHYDROUS	http://www.drugbank.ca/drugs/DB00319	1546000
MEPROBAMATE	http://www.drugbank.ca/drugs/DB00371	6760
QUERCETIN	http://www.drugbank.ca/drugs/DB04216	9060
EMEDASTINE	http://www.drugbank.ca/drugs/DB01084	28144
BUTANAMIDE	http://www.drugbank.ca/drugs/DB02121	1653515
DORZOLAMIDE	http://www.drugbank.ca/drugs/DB00869	60207
FLUOXYMESTERONE	http://www.drugbank.ca/drugs/DB01185	4494
MONOBENZONE	http://www.drugbank.ca/drugs/DB00600	17145
SODIUM FLUORIDE F-18	http://www.drugbank.ca/drugs/DB09398	1311495
LOVASTATIN	http://www.drugbank.ca/drugs/DB00227	6472
TOLAZAMIDE	http://www.drugbank.ca/drugs/DB00839	10633
CEFTAZIDIME	http://www.drugbank.ca/drugs/DB00438	2191
INDINAVIR ANHYDROUS	http://www.drugbank.ca/drugs/DB00224	1546024
RIVAROXABAN	http://www.drugbank.ca/drugs/DB06228	1114195
AMMONIA N-13	http://www.drugbank.ca/drugs/DB09326	1305558
EXENATIDE	http://www.drugbank.ca/drugs/DB01276	60548
HALOBETASOL	http://www.drugbank.ca/drugs/DB00596	41208
PREDNISOLONE	http://www.drugbank.ca/drugs/DB00860	8638
PARECOXIB	http://www.drugbank.ca/drugs/DB08439	279950
PHYSOSTIGMINE	http://www.drugbank.ca/drugs/DB00981	8299
OXYMORPHONE	http://www.drugbank.ca/drugs/DB01192	7814
SIMEPREVIR	http://www.drugbank.ca/drugs/DB06290	1482790
SORAFENIB	http://www.drugbank.ca/drugs/DB00398	495881
TECHNETIUM TC-99M SODIUM PERTECHNETATE	http://www.drugbank.ca/drugs/DB09314	10349
ATORVASTATIN	http://www.drugbank.ca/drugs/DB01076	83367
ACRIVASTINE	http://www.drugbank.ca/drugs/DB09488	19959
PIMAGEDINE HYDROCHLORIDE	http://www.drugbank.ca/drugs/DB05383	1311669
PICRIC ACID	http://www.drugbank.ca/drugs/DB03651	1320642
COUMARIN	http://www.drugbank.ca/drugs/DB04665	2898
BEXAROTENE	http://www.drugbank.ca/drugs/DB00307	233272
CLOPIDOGREL	http://www.drugbank.ca/drugs/DB00758	32968
QUININE	http://www.drugbank.ca/drugs/DB00468	9071
SOLIFENACIN	http://www.drugbank.ca/drugs/DB01591	322167
ICOSAPENT	http://www.drugbank.ca/drugs/DB00159	90
PHENDIMETRAZINE	http://www.drugbank.ca/drugs/DB01579	33272
SUCCINIC ACID	http://www.drugbank.ca/drugs/DB00139	37255
MIGLUSTAT	http://www.drugbank.ca/drugs/DB00419	402316
METHIONINE	http://www.drugbank.ca/drugs/DB00134	6837
SUFENTANIL	http://www.drugbank.ca/drugs/DB00708	56795
SIMVASTATIN	http://www.drugbank.ca/drugs/DB00641	36567
TRIMETHOPRIM	http://www.drugbank.ca/drugs/DB00440	10829
DARIFENACIN	http://www.drugbank.ca/drugs/DB00496	136198
ATOMOXETINE	http://www.drugbank.ca/drugs/DB00289	38400
ERIBULIN MESYLATE	http://www.drugbank.ca/drugs/DB08871	1045452
FERULIC ACID	http://www.drugbank.ca/drugs/DB07767	1368647
MALACHITE GREEN CATION	http://www.drugbank.ca/drugs/DB03895	1547770
BENOXINATE	http://www.drugbank.ca/drugs/DB00892	18889
OSPEMIFENE	http://www.drugbank.ca/drugs/DB04938	1370971
DEXCHLORPHENIRAMINE MALEATE	http://www.drugbank.ca/drugs/DB09555	54828
TRISODIUM CITRATE DIHYDRATE	http://www.drugbank.ca/drugs/DB09159	221163
MESTRANOL	http://www.drugbank.ca/drugs/DB01357	6782
PROPARACAINE	http://www.drugbank.ca/drugs/DB00807	34905
FOSPHENYTOIN	http://www.drugbank.ca/drugs/DB01320	72236
GEMCITABINE	http://www.drugbank.ca/drugs/DB00441	12574
ESLICARBAZEPINE ACETATE	http://www.drugbank.ca/drugs/DB09119	1482501
AMANTADINE	http://www.drugbank.ca/drugs/DB00915	620
BESIFLOXACIN	http://www.drugbank.ca/drugs/DB06771	819911
CARBOPLATIN	http://www.drugbank.ca/drugs/DB00958	40048
FENOFIBRIC ACID	http://www.drugbank.ca/drugs/DB01039	24852
QUETIAPINE	http://www.drugbank.ca/drugs/DB01224	51272
DALFAMPRIDINE	http://www.drugbank.ca/drugs/DB06637	897018
DORIPENEM	http://www.drugbank.ca/drugs/DB06211	119771
IMATINIB	http://www.drugbank.ca/drugs/DB00619	282388
NORTRIPTYLINE	http://www.drugbank.ca/drugs/DB00540	7531
STAVUDINE	http://www.drugbank.ca/drugs/DB00649	59763
LINCOMYCIN	http://www.drugbank.ca/drugs/DB01627	6398
MITOXANTRONE	http://www.drugbank.ca/drugs/DB01204	7005
LEVOMENTHOL	http://www.drugbank.ca/drugs/DB00825	236388
PHENTERMINE	http://www.drugbank.ca/drugs/DB00191	8152
TERT-BUTYLHYDROQUINONE	http://www.drugbank.ca/drugs/DB07726	1362739
THEOPHYLLINE	http://www.drugbank.ca/drugs/DB00277	10438
SUCROSE	http://www.drugbank.ca/drugs/DB02772	10159
OXITRIPTAN	http://www.drugbank.ca/drugs/DB02959	94
NORGESTIMATE	http://www.drugbank.ca/drugs/DB00957	31994
MAGNESIUM TRISILICATE	http://www.drugbank.ca/drugs/DB09281	29170
MEDROXYPROGESTERONE ACETATE	http://www.drugbank.ca/drugs/DB00603	1000112
CEFTIZOXIME	http://www.drugbank.ca/drugs/DB01332	2192
OXICONAZOLE	http://www.drugbank.ca/drugs/DB00239	32638
ARTEMETHER	http://www.drugbank.ca/drugs/DB06697	18343
SODIUM MONOFLUOROPHOSPHATE	http://www.drugbank.ca/drugs/DB09484	56501
AXITINIB	http://www.drugbank.ca/drugs/DB06626	1242999
SODIUM FERRIC GLUCONATE COMPLEX	http://www.drugbank.ca/drugs/DB09517	261435
OXYCODONE	http://www.drugbank.ca/drugs/DB00497	7804
TOLAZOLINE	http://www.drugbank.ca/drugs/DB00797	10634
CEFDINIR	http://www.drugbank.ca/drugs/DB00535	25037
POTASSIUM PHOSPHATE, DIBASIC	http://www.drugbank.ca/drugs/DB09414	55018
TOLCAPONE	http://www.drugbank.ca/drugs/DB00323	72937
PERFLUTREN	http://www.drugbank.ca/drugs/DB00556	283753
DICLOXACILLIN	http://www.drugbank.ca/drugs/DB00485	3356
ALUMINUM	http://www.drugbank.ca/drugs/DB01370	1311504
DINOPROST TROMETHAMINE	http://www.drugbank.ca/drugs/DB01160	23321
FLUTICASONE	http://www.drugbank.ca/drugs/DB00588	41126
SILODOSIN	http://www.drugbank.ca/drugs/DB06207	720825
ROMIDEPSIN	http://www.drugbank.ca/drugs/DB06176	877510
MUPIROCIN	http://www.drugbank.ca/drugs/DB00410	42372
OLOPATADINE	http://www.drugbank.ca/drugs/DB00768	135391
FROVATRIPTAN SUCCINATE	http://www.drugbank.ca/drugs/DB00998	322249
MEDRYSONE	http://www.drugbank.ca/drugs/DB00253	29439
HEXAMINOLEVULINATE HYDROCHLORIDE	http://www.drugbank.ca/drugs/DB06261	1426871
AMINOPROPYL DIHYDROGEN PHOSPHATE	http://www.drugbank.ca/drugs/DB01738	1367492
PIRFENIDONE	http://www.drugbank.ca/drugs/DB04951	1592254
FLUCYTOSINE	http://www.drugbank.ca/drugs/DB01099	4451
TOLMETIN	http://www.drugbank.ca/drugs/DB00500	10636
INSULIN ASPART	http://www.drugbank.ca/drugs/DB01306	51428
PAPAVERINE	http://www.drugbank.ca/drugs/DB01113	7895
EPOPROSTENOL	http://www.drugbank.ca/drugs/DB01240	8814
BACITRACIN A	http://www.drugbank.ca/drugs/DB00626	18699
DASABUVIR	http://www.drugbank.ca/drugs/DB09183	1597381
GENISTEIN	http://www.drugbank.ca/drugs/DB01645	25696
LAURYL SULFATE	http://www.drugbank.ca/drugs/DB03967	1362927
DOLUTEGRAVIR	http://www.drugbank.ca/drugs/DB08930	1433868
SCOPOLAMINE	http://www.drugbank.ca/drugs/DB00747	9601
DELAVIRDINE	http://www.drugbank.ca/drugs/DB00705	83816
METYROSINE	http://www.drugbank.ca/drugs/DB00765	266604
ELIGLUSTAT	http://www.drugbank.ca/drugs/DB09039	1547220
AVANAFIL	http://www.drugbank.ca/drugs/DB06237	1291301
CABOZANTINIB S-MALATE	http://www.drugbank.ca/drugs/DB08875	1363267
CABOZANTINIB S-MALATE	http://www.drugbank.ca/drugs/DB05153	1363267
SUCCIMER	http://www.drugbank.ca/drugs/DB00566	3446
ADENOSINE CYCLIC PHOSPHATE	http://www.drugbank.ca/drugs/DB02527	1314330
PENTYLAMINE	http://www.drugbank.ca/drugs/DB02045	1367190
IRON	http://www.drugbank.ca/drugs/DB01592	90176
BENZIMIDAZOLE	http://www.drugbank.ca/drugs/DB02962	1362885
PHOSPHORIC ACID	http://www.drugbank.ca/drugs/DB09394	8259
ORNITHINE	http://www.drugbank.ca/drugs/DB00129	7704
GADOFOSVESET	http://www.drugbank.ca/drugs/DB06705	1364290
BRIMONIDINE	http://www.drugbank.ca/drugs/DB00484	134615
LISINOPRIL	http://www.drugbank.ca/drugs/DB00722	29046
HESPERIDIN	http://www.drugbank.ca/drugs/DB04703	5281
MERCAPTOPURINE	http://www.drugbank.ca/drugs/DB01033	103
LEVALBUTEROL	http://www.drugbank.ca/drugs/DB01001	237159
LENVATINIB	http://www.drugbank.ca/drugs/DB09078	1603296
POTASSIUM CITRATE	http://www.drugbank.ca/drugs/DB09125	54993
DILTIAZEM	http://www.drugbank.ca/drugs/DB00343	3443
PENTAGASTRIN	http://www.drugbank.ca/drugs/DB00183	7993
LEUPROLIDE	http://www.drugbank.ca/drugs/DB00007	42375
LUMACAFTOR	http://www.drugbank.ca/drugs/DB09280	1655922
SAPROPTERIN	http://www.drugbank.ca/drugs/DB00360	753340
ISOTRETINOIN	http://www.drugbank.ca/drugs/DB00982	6064
UBIDECARENONE	http://www.drugbank.ca/drugs/DB09270	21406
SALICYLAMIDE	http://www.drugbank.ca/drugs/DB08797	9518
DESMOPRESSIN	http://www.drugbank.ca/drugs/DB00035	3251
EZETIMIBE	http://www.drugbank.ca/drugs/DB00973	341248
PHENACETIN	http://www.drugbank.ca/drugs/DB03783	8113
COBIMETINIB	http://www.drugbank.ca/drugs/DB05239	1722365
PHENYLACETIC ACID	http://www.drugbank.ca/drugs/DB09269	33332
RUBIDIUM CHLORIDE RB-82	http://www.drugbank.ca/drugs/DB09479	1367086
AZELAIC ACID	http://www.drugbank.ca/drugs/DB00548	18602
NILOTINIB	http://www.drugbank.ca/drugs/DB04868	662281
ALBENDAZOLE	http://www.drugbank.ca/drugs/DB00518	430
BELINOSTAT	http://www.drugbank.ca/drugs/DB05015	1543543
ALPROSTADIL	http://www.drugbank.ca/drugs/DB00770	598
DANTROLENE	http://www.drugbank.ca/drugs/DB01219	3105
CARIPRAZINE	http://www.drugbank.ca/drugs/DB06016	1667655
TETRACYCLINE	http://www.drugbank.ca/drugs/DB00759	10395
ARFORMOTEROL	http://www.drugbank.ca/drugs/DB01274	304962
AZILSARTAN	http://www.drugbank.ca/drugs/DB08822	1091643
ESTRIOL	http://www.drugbank.ca/drugs/DB04573	4094
RILPIVIRINE	http://www.drugbank.ca/drugs/DB08592	1102270
CHLORAL	http://www.drugbank.ca/drugs/DB02650	38574
DIMETHYL FUMARATE	http://www.drugbank.ca/drugs/DB08908	1373478
PERPHENAZINE	http://www.drugbank.ca/drugs/DB00850	8076
MEROPENEM	http://www.drugbank.ca/drugs/DB00760	29561
DESLORATADINE	http://www.drugbank.ca/drugs/DB00967	275635
CALCITRIOL	http://www.drugbank.ca/drugs/DB00136	1894
MINOCYCLINE	http://www.drugbank.ca/drugs/DB01017	6980
CLOTRIMAZOLE	http://www.drugbank.ca/drugs/DB00257	2623
LEFLUNOMIDE	http://www.drugbank.ca/drugs/DB01097	27169
CHOLIC ACID	http://www.drugbank.ca/drugs/DB02659	1440856
BUSULFAN	http://www.drugbank.ca/drugs/DB01008	1828
AZTREONAM	http://www.drugbank.ca/drugs/DB00355	1272
ERTAPENEM	http://www.drugbank.ca/drugs/DB00303	325642
DECYLAMINE OXIDE	http://www.drugbank.ca/drugs/DB02613	1494854
TAMSULOSIN	http://www.drugbank.ca/drugs/DB00706	77492
NITROGLYCERIN	http://www.drugbank.ca/drugs/DB00727	4917
LEVOBUNOLOL	http://www.drugbank.ca/drugs/DB01210	1813
AVOBENZONE	http://www.drugbank.ca/drugs/DB09495	45045
NINTEDANIB	http://www.drugbank.ca/drugs/DB09079	1592737
EMTRICITABINE	http://www.drugbank.ca/drugs/DB00879	276237
HEXAMINOLEVULINATE	http://www.drugbank.ca/drugs/DB06261	1426872
TERBINAFINE	http://www.drugbank.ca/drugs/DB00857	37801
ABIRATERONE	http://www.drugbank.ca/drugs/DB05812	1100072
LAPATINIB DITOSYLATE	http://www.drugbank.ca/drugs/DB01259	481474
PALBOCICLIB	http://www.drugbank.ca/drugs/DB09073	1601374
GLUTATHIONE	http://www.drugbank.ca/drugs/DB00143	4890
UMECLIDINIUM	http://www.drugbank.ca/drugs/DB09076	1487514
GUANABENZ	http://www.drugbank.ca/drugs/DB00629	5033
METACRESOL	http://www.drugbank.ca/drugs/DB01776	1367170
TIROFIBAN	http://www.drugbank.ca/drugs/DB00775	73137
TICAGRELOR	http://www.drugbank.ca/drugs/DB08816	1116632
LEUCINE	http://www.drugbank.ca/drugs/DB01746	6308
PHENYLBUTAZONE	http://www.drugbank.ca/drugs/DB00812	8160
EPHEDRINE	http://www.drugbank.ca/drugs/DB01364	3966
PENICILLAMINE	http://www.drugbank.ca/drugs/DB00859	7975
ENALAPRILAT	http://www.drugbank.ca/drugs/DB09477	3829
AMOBARBITAL	http://www.drugbank.ca/drugs/DB01351	719
VALERIC ACID	http://www.drugbank.ca/drugs/DB02406	1546454
CHLORZOXAZONE	http://www.drugbank.ca/drugs/DB00356	2410
CALCIUM CARBONATE	http://www.drugbank.ca/drugs/DB06724	1897
CLARITHROMYCIN	http://www.drugbank.ca/drugs/DB01211	21212
NAPHAZOLINE	http://www.drugbank.ca/drugs/DB06711	7247
CEFTAROLINE	http://www.drugbank.ca/drugs/DB06590	1040005
NANDROLONE DECANOATE	http://www.drugbank.ca/drugs/DB08804	31494
HISTRELIN	http://www.drugbank.ca/drugs/DB06788	50975
LISDEXAMFETAMINE	http://www.drugbank.ca/drugs/DB01255	700810
LEVOCABASTINE	http://www.drugbank.ca/drugs/DB01106	28627
PERAMPANEL	http://www.drugbank.ca/drugs/DB08883	1356552
FROVATRIPTAN	http://www.drugbank.ca/drugs/DB00998	228783
TAPENTADOL	http://www.drugbank.ca/drugs/DB06204	787390
IDEBENONE	http://www.drugbank.ca/drugs/DB09081	51296
KETOTIFEN FUMARATE	http://www.drugbank.ca/drugs/DB00920	11404
EMPAGLIFLOZIN	http://www.drugbank.ca/drugs/DB09038	1545653
VALINE	http://www.drugbank.ca/drugs/DB00161	11115
NARINGENIN	http://www.drugbank.ca/drugs/DB03467	1368173
NELFINAVIR	http://www.drugbank.ca/drugs/DB05251	134527
PYRILAMINE	http://www.drugbank.ca/drugs/DB06691	9009
MYCOPHENOLIC ACID	http://www.drugbank.ca/drugs/DB01024	7145
AMBRISENTAN	http://www.drugbank.ca/drugs/DB06403	358274
SODIUM THIOSULFATE	http://www.drugbank.ca/drugs/DB09499	36726
BEPOTASTINE	http://www.drugbank.ca/drugs/DB04890	863035
MAGNESIUM ACETATE TETRAHYDRATE	http://www.drugbank.ca/drugs/DB09409	317246
ILOMASTAT	http://www.drugbank.ca/drugs/DB02255	1368877
RICINOLEIC ACID	http://www.drugbank.ca/drugs/DB02955	35605
TRYPAN BLUE	http://www.drugbank.ca/drugs/DB09158	10878
MAGNESIUM	http://www.drugbank.ca/drugs/DB01378	6574
COCAINE	http://www.drugbank.ca/drugs/DB00907	2653
UBIQUINONE Q2	http://www.drugbank.ca/drugs/DB08690	1423925
NIFEDIPINE	http://www.drugbank.ca/drugs/DB01115	7417
ISOSORBIDE DINITRATE	http://www.drugbank.ca/drugs/DB00883	6058
P-COUMARIC ACID	http://www.drugbank.ca/drugs/DB04066	1485787
TRABECTEDIN	http://www.drugbank.ca/drugs/DB05109	1716278
ETHYLENE GLYCOL MONOETHYL ETHER	http://www.drugbank.ca/drugs/DB02249	1314365
FLURAZEPAM	http://www.drugbank.ca/drugs/DB00690	4501
CEFAZOLIN	http://www.drugbank.ca/drugs/DB01327	2180
AMIFOSTINE ANHYDROUS	http://www.drugbank.ca/drugs/DB01143	1545987
LINEZOLID	http://www.drugbank.ca/drugs/DB00601	190376
QUINIDINE	http://www.drugbank.ca/drugs/DB00908	9068
CEFTIBUTEN	http://www.drugbank.ca/drugs/DB01415	20492
HEXACHLOROPHENE	http://www.drugbank.ca/drugs/DB00756	5293
GANIRELIX	http://www.drugbank.ca/drugs/DB06785	35825
INDOCYANINE GREEN	http://www.drugbank.ca/drugs/DB09374	5775
DEFEROXAMINE	http://www.drugbank.ca/drugs/DB00746	3131
IRBESARTAN	http://www.drugbank.ca/drugs/DB01029	83818
DESONIDE	http://www.drugbank.ca/drugs/DB01260	3254
SUCCINYLCHOLINE	http://www.drugbank.ca/drugs/DB00202	10154
ZINC	http://www.drugbank.ca/drugs/DB01593	11416
ERLOTINIB	http://www.drugbank.ca/drugs/DB00530	337525
GENTIAN VIOLET	http://www.drugbank.ca/drugs/DB00406	4778
METHENAMINE	http://www.drugbank.ca/drugs/DB06799	6832
CLOZAPINE	http://www.drugbank.ca/drugs/DB00363	2626
HALOPERIDOL	http://www.drugbank.ca/drugs/DB00502	5093
PANCURONIUM	http://www.drugbank.ca/drugs/DB01337	7883
DROXIDOPA	http://www.drugbank.ca/drugs/DB06262	1489913
EFINACONAZOLE	http://www.drugbank.ca/drugs/DB09040	1539753
SUMATRIPTAN SUCCINATE	http://www.drugbank.ca/drugs/DB00669	67158
ACRYLIC ACID	http://www.drugbank.ca/drugs/DB02579	1368626
ACRYLIC ACID	http://www.drugbank.ca/drugs/DB05384	1368626
ADENINE	http://www.drugbank.ca/drugs/DB00173	290
DIMENHYDRINATE	http://www.drugbank.ca/drugs/DB00985	3444
CELECOXIB	http://www.drugbank.ca/drugs/DB00482	140587
SULFAMETHOXAZOLE	http://www.drugbank.ca/drugs/DB01015	10180
EFAVIRENZ	http://www.drugbank.ca/drugs/DB00625	195085
QUAZEPAM	http://www.drugbank.ca/drugs/DB01589	35185
VORICONAZOLE	http://www.drugbank.ca/drugs/DB00582	121243
4-HYDROXYBENZOIC ACID	http://www.drugbank.ca/drugs/DB04242	1649527
ALOGLIPTIN	http://www.drugbank.ca/drugs/DB06203	1368001
THONZONIUM BROMIDE	http://www.drugbank.ca/drugs/DB09552	221171
CIDOFOVIR	http://www.drugbank.ca/drugs/DB00369	83171
MELATONIN	http://www.drugbank.ca/drugs/DB01065	6711
LOSARTAN	http://www.drugbank.ca/drugs/DB00678	52175
DRONEDARONE	http://www.drugbank.ca/drugs/DB04855	233698
IOPAMIDOL	http://www.drugbank.ca/drugs/DB08947	5966
FLUTICASONE FUROATE	http://www.drugbank.ca/drugs/DB08906	705022
GUANIDINE	http://www.drugbank.ca/drugs/DB00536	50675
MILRINONE	http://www.drugbank.ca/drugs/DB00235	52769
TAVABOROLE	http://www.drugbank.ca/drugs/DB09041	1543173
ACLIDINIUM	http://www.drugbank.ca/drugs/DB08897	1303098
IXABEPILONE	http://www.drugbank.ca/drugs/DB04845	337523
PHENAZOPYRIDINE	http://www.drugbank.ca/drugs/DB01438	8120
DIDANOSINE	http://www.drugbank.ca/drugs/DB00900	3364
LYSINE	http://www.drugbank.ca/drugs/DB03252	6536
CERITINIB	http://www.drugbank.ca/drugs/DB09063	1535457
NITROUS OXIDE	http://www.drugbank.ca/drugs/DB06690	7486
NITISINONE	http://www.drugbank.ca/drugs/DB00348	61805
ADENOSINE	http://www.drugbank.ca/drugs/DB00640	296
DINOPROSTONE	http://www.drugbank.ca/drugs/DB00917	3478
CYSTEINE	http://www.drugbank.ca/drugs/DB03201	3024
CYSTEINE	http://www.drugbank.ca/drugs/DB00151	3024
ANAGRELIDE	http://www.drugbank.ca/drugs/DB00261	596724
CHROMIC CHLORIDE	http://www.drugbank.ca/drugs/DB09129	21009
BECLOMETHASONE	http://www.drugbank.ca/drugs/DB00394	1347
SODIUM PHOSPHATE, MONOBASIC, ANHYDROUS	http://www.drugbank.ca/drugs/DB09469	349753
BUTALBITAL	http://www.drugbank.ca/drugs/DB00241	19860
TELITHROMYCIN	http://www.drugbank.ca/drugs/DB00976	274786
RISEDRONIC ACID	http://www.drugbank.ca/drugs/DB00884	55685
PYRIDOXINE	http://www.drugbank.ca/drugs/DB00165	684879
PRAVASTATIN	http://www.drugbank.ca/drugs/DB00175	42463
TRILOSTANE	http://www.drugbank.ca/drugs/DB01108	38668
MECHLORETHAMINE HYDROCHLORIDE	http://www.drugbank.ca/drugs/DB00888	155036
NALBUPHINE	http://www.drugbank.ca/drugs/DB00844	7238
RAMIPRIL	http://www.drugbank.ca/drugs/DB00178	35296
PODOFILOX	http://www.drugbank.ca/drugs/DB01179	8463
RIFAXIMIN	http://www.drugbank.ca/drugs/DB01220	35619
PROCAINAMIDE	http://www.drugbank.ca/drugs/DB01035	8700
SAQUINAVIR	http://www.drugbank.ca/drugs/DB01232	83395
FLUTEMETAMOL F-18	http://www.drugbank.ca/drugs/DB09151	1486025
FLUTEMETAMOL F-18	http://www.drugbank.ca/drugs/DB09562	1486025
METOCLOPRAMIDE	http://www.drugbank.ca/drugs/DB01233	6915
DIBUCAINE	http://www.drugbank.ca/drugs/DB00527	3339
ZANAMIVIR	http://www.drugbank.ca/drugs/DB00558	69722
RISPERIDONE	http://www.drugbank.ca/drugs/DB00734	35636
OXYMETHOLONE	http://www.drugbank.ca/drugs/DB06412	7813
METHYL SALICYLATE	http://www.drugbank.ca/drugs/DB09543	29787
ACITRETIN	http://www.drugbank.ca/drugs/DB00459	16818
LOXAPINE	http://www.drugbank.ca/drugs/DB00408	6475
INDIUM IN-111 OXYQUINOLINE	http://www.drugbank.ca/drugs/DB09473	1314372
DACLATASVIR	http://www.drugbank.ca/drugs/DB09102	1606218
ALECTINIB	http://www.drugbank.ca/drugs/DB11363	1727455
BENZYL ALCOHOL	http://www.drugbank.ca/drugs/DB06770	1426
CABERGOLINE	http://www.drugbank.ca/drugs/DB00248	47579
ERIBULIN	http://www.drugbank.ca/drugs/DB08871	1045453
SODIUM PICOSULFATE	http://www.drugbank.ca/drugs/DB09268	33688
2,4-DIHYDROXYBENZOIC ACID	http://www.drugbank.ca/drugs/DB02839	1368632
NABUMETONE	http://www.drugbank.ca/drugs/DB00461	31448
COBICISTAT	http://www.drugbank.ca/drugs/DB09065	1306284
PIPERONYL BUTOXIDE	http://www.drugbank.ca/drugs/DB09350	8345
ISOSORBIDE MONONITRATE	http://www.drugbank.ca/drugs/DB01020	28004
FOSPROPOFOL	http://www.drugbank.ca/drugs/DB06716	828682
SINCALIDE	http://www.drugbank.ca/drugs/DB09142	9800
SODIUM NITRITE	http://www.drugbank.ca/drugs/DB09112	9894
ETIDRONIC ACID	http://www.drugbank.ca/drugs/DB01077	1356715
DEXMETHYLPHENIDATE	http://www.drugbank.ca/drugs/DB06701	352372
AMIFOSTINE	http://www.drugbank.ca/drugs/DB01143	4126
CHOLINE C-11	http://www.drugbank.ca/drugs/DB09563	1425419
CALCIUM CHLORIDE	http://www.drugbank.ca/drugs/DB01164	1901
CALCIUM CHLORIDE	http://www.drugbank.ca/drugs/DB01164	221068
PITAVASTATIN	http://www.drugbank.ca/drugs/DB08860	861634
ETHACRYNIC ACID	http://www.drugbank.ca/drugs/DB00903	4109
PALMITOYL GLYCINE	http://www.drugbank.ca/drugs/DB03440	1359086
AZACITIDINE	http://www.drugbank.ca/drugs/DB00928	1251
MARAVIROC	http://www.drugbank.ca/drugs/DB04835	620216
TERT-BUTYL ALCOHOL	http://www.drugbank.ca/drugs/DB03900	1363061
OXAPROZIN	http://www.drugbank.ca/drugs/DB00991	32613
MONTELUKAST	http://www.drugbank.ca/drugs/DB00471	88249
MAGNESIUM SULFATE ANHYDROUS	http://www.drugbank.ca/drugs/DB00653	1311625
PHENYLETHYL ALCOHOL	http://www.drugbank.ca/drugs/DB02192	8126
BISPHENOL A	http://www.drugbank.ca/drugs/DB06973	1433347
CLONIDINE	http://www.drugbank.ca/drugs/DB00575	2599
CARBIDOPA	http://www.drugbank.ca/drugs/DB00190	2019
AZATHIOPRINE	http://www.drugbank.ca/drugs/DB00993	1256
MOMETASONE FUROATE MONOHYDRATE	http://www.drugbank.ca/drugs/DB00764	153374
CREATINE	http://www.drugbank.ca/drugs/DB00148	2907
MIRABEGRON	http://www.drugbank.ca/drugs/DB08893	1300786
VALACYCLOVIR	http://www.drugbank.ca/drugs/DB00577	73645
GLUCOSAMINE	http://www.drugbank.ca/drugs/DB01296	4845
DOXYCYCLINE	http://www.drugbank.ca/drugs/DB00254	3640
THIABENDAZOLE	http://www.drugbank.ca/drugs/DB00730	10450
APOMORPHINE	http://www.drugbank.ca/drugs/DB00714	1043
DROSPIRENONE	http://www.drugbank.ca/drugs/DB01395	11636
DANAZOL	http://www.drugbank.ca/drugs/DB01406	3102
CEFOTAXIME	http://www.drugbank.ca/drugs/DB00493	2186
ESOMEPRAZOLE	http://www.drugbank.ca/drugs/DB00736	283742
AMIODARONE	http://www.drugbank.ca/drugs/DB01118	703
ACAMPROSATE	http://www.drugbank.ca/drugs/DB00659	82819
VENETOCLAX	http://www.drugbank.ca/drugs/DB11581	1747556
TETRAKIS(2-METHOXYISOBUTYLISOCYANIDE)COPPER(I) TETRAFLUOROBORATE	http://www.drugbank.ca/drugs/DB09161	1306061
NITROGEN	http://www.drugbank.ca/drugs/DB09152	7456
OLANZAPINE	http://www.drugbank.ca/drugs/DB00334	61381
CILOSTAZOL	http://www.drugbank.ca/drugs/DB01166	21107
BENZYL BENZOATE	http://www.drugbank.ca/drugs/DB00676	19044
CLOCORTOLONE	http://www.drugbank.ca/drugs/DB00838	21249
CHOLINE	http://www.drugbank.ca/drugs/DB00122	2449
DIHYDROCODEINE	http://www.drugbank.ca/drugs/DB01551	23088
.ALPHA.-TOCOPHEROL, D-	http://www.drugbank.ca/drugs/DB00163	237099
ACETYLCHOLINE	http://www.drugbank.ca/drugs/DB03128	194
EPTIFIBATIDE	http://www.drugbank.ca/drugs/DB00063	75635
MAGNESIUM HYDROXIDE	http://www.drugbank.ca/drugs/DB09104	6581
ISOPROPYL ALCOHOL	http://www.drugbank.ca/drugs/DB02325	797541
EDOXABAN	http://www.drugbank.ca/drugs/DB09075	1599538
TIPIRACIL	http://www.drugbank.ca/drugs/DB02631	1670304
ROLAPITANT	http://www.drugbank.ca/drugs/DB09291	1665496
ENTECAVIR ANHYDROUS	http://www.drugbank.ca/drugs/DB00442	1546027
MESNA	http://www.drugbank.ca/drugs/DB09110	44
SODIUM PHENYLBUTYRATE	http://www.drugbank.ca/drugs/DB06819	214837
CLOMIPRAMINE	http://www.drugbank.ca/drugs/DB01242	2597
SODIUM ACETATE ANHYDROUS	http://www.drugbank.ca/drugs/DB09470	267453
DAPTOMYCIN	http://www.drugbank.ca/drugs/DB00080	22299
EXEMESTANE	http://www.drugbank.ca/drugs/DB00990	258494
DUTASTERIDE	http://www.drugbank.ca/drugs/DB01126	228790
DIHYDROXYACETONE	http://www.drugbank.ca/drugs/DB01775	3430
CEFUROXIME	http://www.drugbank.ca/drugs/DB01112	2194
FLUTICASONE PROPIONATE	http://www.drugbank.ca/drugs/DB00588	50121
ACETAZOLAMIDE	http://www.drugbank.ca/drugs/DB00819	167
RITONAVIR	http://www.drugbank.ca/drugs/DB00503	85762
ACV TRIPEPTIDE	http://www.drugbank.ca/drugs/DB02025	1551571
PHENELZINE	http://www.drugbank.ca/drugs/DB00780	8123
SALICYLIC ACID	http://www.drugbank.ca/drugs/DB00936	9525
FLUVOXAMINE	http://www.drugbank.ca/drugs/DB00176	42355
DIAZOXIDE	http://www.drugbank.ca/drugs/DB01119	3327
DULOXETINE	http://www.drugbank.ca/drugs/DB00476	72625
CLOXACILLIN	http://www.drugbank.ca/drugs/DB01147	2625
TEDIZOLID PHOSPHATE	http://www.drugbank.ca/drugs/DB09042	1540824
RIMEXOLONE	http://www.drugbank.ca/drugs/DB00896	55681
DROPERIDOL	http://www.drugbank.ca/drugs/DB00450	3648
ETHIONAMIDE	http://www.drugbank.ca/drugs/DB00609	4127
THEOBROMINE	http://www.drugbank.ca/drugs/DB01412	10437
OCTANOIC ACID	http://www.drugbank.ca/drugs/DB04519	20178
CEPHALEXIN	http://www.drugbank.ca/drugs/DB00567	2231
ALANINE	http://www.drugbank.ca/drugs/DB01786	426
CALCIUM CHLORIDE ANHYDROUS	http://www.drugbank.ca/drugs/DB01164	1667640
IMIPRAMINE	http://www.drugbank.ca/drugs/DB00458	5691
TICLOPIDINE	http://www.drugbank.ca/drugs/DB00208	10594
CETRORELIX	http://www.drugbank.ca/drugs/DB00050	68147
PARITAPREVIR	http://www.drugbank.ca/drugs/DB09297	1597373
PAMIDRONIC ACID	http://www.drugbank.ca/drugs/DB00282	1546406
REMIFENTANIL	http://www.drugbank.ca/drugs/DB00899	73032
IMIQUIMOD	http://www.drugbank.ca/drugs/DB00724	59943
FLUDARABINE	http://www.drugbank.ca/drugs/DB01073	24698
NIZATIDINE	http://www.drugbank.ca/drugs/DB00585	42319
CYANOCOBALAMIN	http://www.drugbank.ca/drugs/DB00115	11248
CALCIFEDIOL	http://www.drugbank.ca/drugs/DB00146	1889
PRALIDOXIME	http://www.drugbank.ca/drugs/DB00733	1546365
PRALIDOXIME	http://www.drugbank.ca/drugs/DB00733	34345
BALSALAZIDE	http://www.drugbank.ca/drugs/DB01014	18747
PACLITAXEL	http://www.drugbank.ca/drugs/DB01229	56946
GANCICLOVIR	http://www.drugbank.ca/drugs/DB01004	4678
GLYCERIN	http://www.drugbank.ca/drugs/DB09462	4910
GLYCERIN	http://www.drugbank.ca/drugs/DB04077	4910
RIVASTIGMINE	http://www.drugbank.ca/drugs/DB00989	183379
PROBENECID	http://www.drugbank.ca/drugs/DB01032	8698
ASCORBIC ACID	http://www.drugbank.ca/drugs/DB00126	1151
ERGOTAMINE	http://www.drugbank.ca/drugs/DB00696	4025
ORITAVANCIN	http://www.drugbank.ca/drugs/DB04911	1547611
HYOSCYAMINE	http://www.drugbank.ca/drugs/DB00424	153970
BAZEDOXIFENE	http://www.drugbank.ca/drugs/DB06401	1441386
IMIPENEM ANHYDROUS	http://www.drugbank.ca/drugs/DB01598	1545986
BOSENTAN	http://www.drugbank.ca/drugs/DB00559	75207
RESVERATROL	http://www.drugbank.ca/drugs/DB02709	1000492
DIAZEPAM	http://www.drugbank.ca/drugs/DB00829	3322
ACETIC ACID	http://www.drugbank.ca/drugs/DB03166	168
HYDROXOCOBALAMIN	http://www.drugbank.ca/drugs/DB00200	5514
MELPHALAN	http://www.drugbank.ca/drugs/DB01042	6718
PENICILLIN G	http://www.drugbank.ca/drugs/DB01053	7980
GLUTAMIC ACID, D-	http://www.drugbank.ca/drugs/DB02517	1428878
LEVOTHYROXINE	http://www.drugbank.ca/drugs/DB00451	10582
CEFADROXIL ANHYDROUS	http://www.drugbank.ca/drugs/DB01140	1545975
VINORELBINE	http://www.drugbank.ca/drugs/DB00361	39541
HYDROMORPHONE	http://www.drugbank.ca/drugs/DB00327	3423
CODEINE	http://www.drugbank.ca/drugs/DB00318	2670
ALTRETAMINE	http://www.drugbank.ca/drugs/DB00488	5296
GEMFIBROZIL	http://www.drugbank.ca/drugs/DB01241	4719
TETRAFERRIC TRICITRATE DECAHYDRATE	http://www.drugbank.ca/drugs/DB09162	1549967
HESPERETIN	http://www.drugbank.ca/drugs/DB01094	1314255
SITAGLIPTIN	http://www.drugbank.ca/drugs/DB01261	593411
DABRAFENIB	http://www.drugbank.ca/drugs/DB08912	1424911
FAMCICLOVIR	http://www.drugbank.ca/drugs/DB00426	68099
PROPIONAMIDE	http://www.drugbank.ca/drugs/DB04161	1366667
FLUNISOLIDE	http://www.drugbank.ca/drugs/DB00180	1298840
FLUNISOLIDE	http://www.drugbank.ca/drugs/DB00180	25120
FERRIC PYROPHOSPHATE	http://www.drugbank.ca/drugs/DB09147	1607976
THYMINE	http://www.drugbank.ca/drugs/DB03462	1368871
TECHNETIUM TC-99M DISOFENIN	http://www.drugbank.ca/drugs/DB09164	37665
SERTRALINE	http://www.drugbank.ca/drugs/DB01104	36437
BUTORPHANOL	http://www.drugbank.ca/drugs/DB00611	1841
PERAMIVIR	http://www.drugbank.ca/drugs/DB06614	619693
HISTAMINE PHOSPHATE	http://www.drugbank.ca/drugs/DB00667	26925
NARATRIPTAN	http://www.drugbank.ca/drugs/DB00952	141366
BIMATOPROST	http://www.drugbank.ca/drugs/DB00905	283810
ATAZANAVIR	http://www.drugbank.ca/drugs/DB01072	343047
MERCURIC IODIDE	http://www.drugbank.ca/drugs/DB04445	1426941
NORELGESTROMIN	http://www.drugbank.ca/drugs/DB06713	326374
MICAFUNGIN	http://www.drugbank.ca/drugs/DB01141	325887
ASPIRIN	http://www.drugbank.ca/drugs/DB00945	1191
FOSINOPRIL	http://www.drugbank.ca/drugs/DB00492	50166
CHLORHEXIDINE	http://www.drugbank.ca/drugs/DB00878	2358
GLUCONIC ACID	http://www.drugbank.ca/drugs/DB04304	70599
DOFETILIDE	http://www.drugbank.ca/drugs/DB00204	49247
MIDAZOLAM	http://www.drugbank.ca/drugs/DB00683	6960
AMOXAPINE	http://www.drugbank.ca/drugs/DB00543	722
SODIUM GLUCONATE	http://www.drugbank.ca/drugs/DB09408	56476
TRIMETHADIONE	http://www.drugbank.ca/drugs/DB00347	10827
DALFOPRISTIN	http://www.drugbank.ca/drugs/DB01764	229369
ERYTHRITOL	http://www.drugbank.ca/drugs/DB04481	1369563
DASATINIB	http://www.drugbank.ca/drugs/DB01254	475342
LULICONAZOLE	http://www.drugbank.ca/drugs/DB08933	1482680
GADOPENTETATE DIMEGLUMINE	http://www.drugbank.ca/drugs/DB00789	25486
PENICILLIN G BENZATHINE	http://www.drugbank.ca/drugs/DB09323	7982
LEVOFLOXACIN ANHYDROUS	http://www.drugbank.ca/drugs/DB01137	1546009
RADIUM RA-223 DICHLORIDE	http://www.drugbank.ca/drugs/DB08913	1424174
QUINAPRIL	http://www.drugbank.ca/drugs/DB00881	35208
GADOVERSETAMIDE	http://www.drugbank.ca/drugs/DB00538	228833
HYDROXYPROLINE	http://www.drugbank.ca/drugs/DB08847	1311548
TRIFLURIDINE	http://www.drugbank.ca/drugs/DB00432	10803
TARTARIC ACID, D-	http://www.drugbank.ca/drugs/DB01694	1371315
METHSCOPOLAMINE BROMIDE	http://www.drugbank.ca/drugs/DB00462	56092
RIOCIGUAT	http://www.drugbank.ca/drugs/DB08931	1439816
TREPROSTINIL	http://www.drugbank.ca/drugs/DB00374	343048
EUCALYPTOL	http://www.drugbank.ca/drugs/DB03852	21116
OCTREOTIDE	http://www.drugbank.ca/drugs/DB00104	7617
POTASSIUM	http://www.drugbank.ca/drugs/DB01345	8588
LEVULINIC ACID	http://www.drugbank.ca/drugs/DB02239	6379
SODIUM ASCORBATE	http://www.drugbank.ca/drugs/DB09541	267366
CAPSAICIN	http://www.drugbank.ca/drugs/DB06774	1992
CAPSAICIN	http://www.drugbank.ca/drugs/DB05318	1992
VILAZODONE	http://www.drugbank.ca/drugs/DB06684	1086769
PROPOXYPHENE	http://www.drugbank.ca/drugs/DB00647	8785
CUPRIC CHLORIDE	http://www.drugbank.ca/drugs/DB09131	21833
FLAVONE	http://www.drugbank.ca/drugs/DB07776	1536070
SULBACTAM	http://www.drugbank.ca/drugs/DB09324	10167
ELTROMBOPAG	http://www.drugbank.ca/drugs/DB06210	711942
CICLESONIDE	http://www.drugbank.ca/drugs/DB01410	274964
PHLORETIN	http://www.drugbank.ca/drugs/DB07810	1368167
PROGUANIL	http://www.drugbank.ca/drugs/DB01131	2382
ZALEPLON	http://www.drugbank.ca/drugs/DB00962	74667
GEFITINIB	http://www.drugbank.ca/drugs/DB00317	328134
FLUPHENAZINE	http://www.drugbank.ca/drugs/DB00623	4496
ARSENIC TRIOXIDE	http://www.drugbank.ca/drugs/DB01169	18330
OXYGEN	http://www.drugbank.ca/drugs/DB09140	7806
DIFLUPREDNATE	http://www.drugbank.ca/drugs/DB06781	23043
CANDESARTAN	http://www.drugbank.ca/drugs/DB00796	214354
PLERIXAFOR	http://www.drugbank.ca/drugs/DB06809	733003
COENZYME A	http://www.drugbank.ca/drugs/DB01992	1314344
PENTOXIFYLLINE	http://www.drugbank.ca/drugs/DB00806	8013
TAZOBACTAM	http://www.drugbank.ca/drugs/DB01606	37617
TASIMELTEON	http://www.drugbank.ca/drugs/DB09071	1490468
HALCINONIDE	http://www.drugbank.ca/drugs/DB06786	5084
ANILINE	http://www.drugbank.ca/drugs/DB06728	1441546
TRIENTINE	http://www.drugbank.ca/drugs/DB06824	10798
LISDEXAMFETAMINE DIMESYLATE	http://www.drugbank.ca/drugs/DB01255	673579
COLCHICINE	http://www.drugbank.ca/drugs/DB01394	2683
NITAZOXANIDE	http://www.drugbank.ca/drugs/DB00507	31819
ZINC OXIDE	http://www.drugbank.ca/drugs/DB09321	11423
LODOXAMIDE	http://www.drugbank.ca/drugs/DB06794	52151
AMINOHIPPURATE SODIUM	http://www.drugbank.ca/drugs/DB00345	203194
FLUOROMETHOLONE	http://www.drugbank.ca/drugs/DB00324	4491
ESTROPIPATE	http://www.drugbank.ca/drugs/DB04574	33747
DEGARELIX	http://www.drugbank.ca/drugs/DB06699	475230
GLYBURIDE	http://www.drugbank.ca/drugs/DB01016	4815
CALCIUM	http://www.drugbank.ca/drugs/DB01373	1895
PIDOLIC ACID	http://www.drugbank.ca/drugs/DB11245	9036
NORETHINDRONE	http://www.drugbank.ca/drugs/DB00717	7514
DIFLORASONE	http://www.drugbank.ca/drugs/DB00223	91311
GLUTARAL	http://www.drugbank.ca/drugs/DB03266	4888
ANTIPYRINE	http://www.drugbank.ca/drugs/DB01435	1001
METHYLENE BLUE	http://www.drugbank.ca/drugs/DB09241	6878
TROSPIUM	http://www.drugbank.ca/drugs/DB00209	236778
ACARBOSE	http://www.drugbank.ca/drugs/DB00284	16681
GLYCINE	http://www.drugbank.ca/drugs/DB00145	4919
MEPHENTERMINE	http://www.drugbank.ca/drugs/DB01365	6756
DESIPRAMINE	http://www.drugbank.ca/drugs/DB01151	3247
HEPTANOIC ACID	http://www.drugbank.ca/drugs/DB02938	991260
MEGESTROL ACETATE	http://www.drugbank.ca/drugs/DB00351	29451
BUSPIRONE	http://www.drugbank.ca/drugs/DB00490	1827
IODIPAMIDE	http://www.drugbank.ca/drugs/DB04711	5936
AMINOBENZOIC ACID	http://www.drugbank.ca/drugs/DB02362	74
FLORBETABEN F-18	http://www.drugbank.ca/drugs/DB09148	1492940
FERRIC FERROCYANIDE	http://www.drugbank.ca/drugs/DB06783	24902
RIBOFLAVIN	http://www.drugbank.ca/drugs/DB00140	9346
FLUORESCEIN	http://www.drugbank.ca/drugs/DB00693	25138
DISULFIRAM	http://www.drugbank.ca/drugs/DB00822	3554
SITAGLIPTIN PHOSPHATE	http://www.drugbank.ca/drugs/DB01261	621590
DEXTROAMPHETAMINE	http://www.drugbank.ca/drugs/DB01576	3288
FLUDROCORTISONE	http://www.drugbank.ca/drugs/DB00687	4452
MOXIFLOXACIN	http://www.drugbank.ca/drugs/DB00218	139462
FENOFIBRATE	http://www.drugbank.ca/drugs/DB01039	8703
CAFFEIC ACID	http://www.drugbank.ca/drugs/DB01880	1311397
LAMOTRIGINE	http://www.drugbank.ca/drugs/DB00555	28439
FLUOROURACIL	http://www.drugbank.ca/drugs/DB00544	4492
BENZOCAINE	http://www.drugbank.ca/drugs/DB01086	1399
CHLORPROMAZINE	http://www.drugbank.ca/drugs/DB00477	2403
CARBOPROST TROMETHAMINE	http://www.drugbank.ca/drugs/DB00429	20259
ETHANOLAMINE OLEATE	http://www.drugbank.ca/drugs/DB06689	24460
METHOXSALEN	http://www.drugbank.ca/drugs/DB00553	6854
TELMISARTAN	http://www.drugbank.ca/drugs/DB00966	73494
CARMUSTINE	http://www.drugbank.ca/drugs/DB00262	2105
AMINOCAPROIC ACID	http://www.drugbank.ca/drugs/DB00513	99
ADEFOVIR DIPIVOXIL	http://www.drugbank.ca/drugs/DB00718	141400
ATTAPULGITE	http://www.drugbank.ca/drugs/DB01574	18516
SPERMIDINE	http://www.drugbank.ca/drugs/DB03566	1483262
PHENYLACETALDEHYDE	http://www.drugbank.ca/drugs/DB02178	1367159
CINACALCET	http://www.drugbank.ca/drugs/DB01012	407990
VARDENAFIL	http://www.drugbank.ca/drugs/DB00862	306674
BENAZEPRIL	http://www.drugbank.ca/drugs/DB00542	18867
FENTANYL	http://www.drugbank.ca/drugs/DB00813	4337
LEVOMILNACIPRAN	http://www.drugbank.ca/drugs/DB08918	1433212
OXACILLIN	http://www.drugbank.ca/drugs/DB00713	7773
SAQUINAVIR MESYLATE	http://www.drugbank.ca/drugs/DB01232	859857
OLSALAZINE	http://www.drugbank.ca/drugs/DB01250	32385
IBANDRONIC ACID	http://www.drugbank.ca/drugs/DB00710	115265
APREMILAST	http://www.drugbank.ca/drugs/DB05676	1492727
TRIMETREXATE	http://www.drugbank.ca/drugs/DB01157	42333
SULFAMERAZINE	http://www.drugbank.ca/drugs/DB01581	10176
DEXLANSOPRAZOLE	http://www.drugbank.ca/drugs/DB05351	816346
ESZOPICLONE	http://www.drugbank.ca/drugs/DB00402	461016
LEVONORDEFRIN	http://www.drugbank.ca/drugs/DB06707	132889
ARMODAFINIL	http://www.drugbank.ca/drugs/DB06413	641465
ISONIAZID	http://www.drugbank.ca/drugs/DB00951	6038
DIETHYLCARBAMAZINE	http://www.drugbank.ca/drugs/DB00711	3384
DEFERASIROX	http://www.drugbank.ca/drugs/DB01609	614373
PREDNICARBATE	http://www.drugbank.ca/drugs/DB01130	34369
N-ACETYLGLUCOSAMINE	http://www.drugbank.ca/drugs/DB00141	1362871
SUNITINIB	http://www.drugbank.ca/drugs/DB01268	357977
METHYLTESTOSTERONE	http://www.drugbank.ca/drugs/DB06710	6904
SALSALATE	http://www.drugbank.ca/drugs/DB01399	36108
PREDNISONE	http://www.drugbank.ca/drugs/DB00635	8640
XYLITOL	http://www.drugbank.ca/drugs/DB01904	11377
OLODATEROL	http://www.drugbank.ca/drugs/DB09080	1546059
MELOXICAM	http://www.drugbank.ca/drugs/DB00814	41493
RIFAMPIN	http://www.drugbank.ca/drugs/DB01045	9384
THIOCTIC ACID, (+)-	http://www.drugbank.ca/drugs/DB00166	1370111
ILOPERIDONE	http://www.drugbank.ca/drugs/DB04946	73178
GALLIUM NITRATE	http://www.drugbank.ca/drugs/DB05260	25544
ERGOCALCIFEROL	http://www.drugbank.ca/drugs/DB00153	4018
METAMIZOLE SODIUM	http://www.drugbank.ca/drugs/DB04817	1537943
DOPAMINE	http://www.drugbank.ca/drugs/DB00988	3628
DICHLORPHENAMIDE	http://www.drugbank.ca/drugs/DB01144	3353
TOBRAMYCIN	http://www.drugbank.ca/drugs/DB00684	10627
OXCARBAZEPINE	http://www.drugbank.ca/drugs/DB00776	32624
TRIMETHOBENZAMIDE	http://www.drugbank.ca/drugs/DB00662	38685
TORSEMIDE	http://www.drugbank.ca/drugs/DB00214	38413
SIROLIMUS	http://www.drugbank.ca/drugs/DB00877	35302
SILVER SULFADIAZINE	http://www.drugbank.ca/drugs/DB05245	9793
TARTARIC ACID	http://www.drugbank.ca/drugs/DB09459	37578
METHYLERGONOVINE	http://www.drugbank.ca/drugs/DB00353	6883
VARENICLINE	http://www.drugbank.ca/drugs/DB01273	591622
UREA C-13	http://www.drugbank.ca/drugs/DB09510	226724
METHAZOLAMIDE	http://www.drugbank.ca/drugs/DB00703	6826
MEMANTINE	http://www.drugbank.ca/drugs/DB01043	6719
BENZOYL PEROXIDE	http://www.drugbank.ca/drugs/DB09096	1418
TUBOCURARINE	http://www.drugbank.ca/drugs/DB01199	10917
UREA C-14	http://www.drugbank.ca/drugs/DB09513	253158
CHLORTETRACYCLINE	http://www.drugbank.ca/drugs/DB09093	2408
AZILSARTAN KAMEDOXOMIL	http://www.drugbank.ca/drugs/DB08822	1294597
RUFINAMIDE	http://www.drugbank.ca/drugs/DB06201	69036
TOLTERODINE	http://www.drugbank.ca/drugs/DB01036	119565
URIDINE	http://www.drugbank.ca/drugs/DB02745	11017
HYDROCORTISONE	http://www.drugbank.ca/drugs/DB00741	5492
TESTOSTERONE PROPIONATE	http://www.drugbank.ca/drugs/DB01420	10382
THIOGUANINE ANHYDROUS	http://www.drugbank.ca/drugs/DB00352	1546005
TRAVOPROST	http://www.drugbank.ca/drugs/DB00287	283809
SOFOSBUVIR	http://www.drugbank.ca/drugs/DB08934	1484911
TACROLIMUS	http://www.drugbank.ca/drugs/DB00864	42316
OLAPARIB	http://www.drugbank.ca/drugs/DB09074	1597582
XYLOMETAZOLINE	http://www.drugbank.ca/drugs/DB06694	39841
GLUCONOLACTONE	http://www.drugbank.ca/drugs/DB04564	25842
ABACAVIR	http://www.drugbank.ca/drugs/DB01048	190521
RIZATRIPTAN BENZOATE	http://www.drugbank.ca/drugs/DB00953	237082
ROCURONIUM	http://www.drugbank.ca/drugs/DB00728	68139
TRIAMTERENE	http://www.drugbank.ca/drugs/DB00384	10763
CHLORPROPAMIDE	http://www.drugbank.ca/drugs/DB00672	2404
ACETYLCYSTEINE	http://www.drugbank.ca/drugs/DB06151	197
GRANISETRON	http://www.drugbank.ca/drugs/DB00889	26237
PIPERACILLIN	http://www.drugbank.ca/drugs/DB00319	8339
FONDAPARINUX SODIUM	http://www.drugbank.ca/drugs/DB00569	322154
ALENDRONIC ACID	http://www.drugbank.ca/drugs/DB00630	236083
OXYTETRACYCLINE	http://www.drugbank.ca/drugs/DB00595	7821
XENON XE-133	http://www.drugbank.ca/drugs/DB09315	259282
KETOTIFEN	http://www.drugbank.ca/drugs/DB00920	6146
ACYCLOVIR	http://www.drugbank.ca/drugs/DB00787	281
NOREPINEPHRINE	http://www.drugbank.ca/drugs/DB00368	7512
METHYLPREDNISOLONE	http://www.drugbank.ca/drugs/DB00959	6902
THIAMINE	http://www.drugbank.ca/drugs/DB00152	10454
HYDROXYUREA	http://www.drugbank.ca/drugs/DB01005	5552
LUTEIN	http://www.drugbank.ca/drugs/DB00137	11359
FELBAMATE	http://www.drugbank.ca/drugs/DB00949	24812
DASATINIB ANHYDROUS	http://www.drugbank.ca/drugs/DB01254	1546019
GLIPIZIDE	http://www.drugbank.ca/drugs/DB01067	4821
TECHNETIUM TC-99M MEDRONATE	http://www.drugbank.ca/drugs/DB09138	1488818
NITROFURAZONE	http://www.drugbank.ca/drugs/DB00336	7455
TYRAMINE	http://www.drugbank.ca/drugs/DB08841	10958
RIFAPENTINE	http://www.drugbank.ca/drugs/DB01201	35617
TELAVANCIN	http://www.drugbank.ca/drugs/DB06402	473837
PRAZOSIN	http://www.drugbank.ca/drugs/DB00457	8629
GADOFOSVESET TRISODIUM	http://www.drugbank.ca/drugs/DB06705	1364289
BOSENTAN ANHYDROUS	http://www.drugbank.ca/drugs/DB00559	1468845
HYDROQUINONE	http://www.drugbank.ca/drugs/DB09526	5509
INDOMETHACIN	http://www.drugbank.ca/drugs/DB00328	5781
ZAFIRLUKAST	http://www.drugbank.ca/drugs/DB00549	114970
CEFIXIME ANHYDROUS	http://www.drugbank.ca/drugs/DB00671	1546021
METHYSERGIDE	http://www.drugbank.ca/drugs/DB00247	6911
CROMOLYN	http://www.drugbank.ca/drugs/DB01003	42612
LEVMETAMFETAMINE	http://www.drugbank.ca/drugs/DB09571	1314416
STREPTOMYCIN	http://www.drugbank.ca/drugs/DB01082	10109
LAURYL BETAINE	http://www.drugbank.ca/drugs/DB07631	1314211
PERINDOPRIL	http://www.drugbank.ca/drugs/DB00790	54552
TACROLIMUS ANHYDROUS	http://www.drugbank.ca/drugs/DB00864	235991
SULFAPYRIDINE	http://www.drugbank.ca/drugs/DB00891	10188
FIROCOXIB	http://www.drugbank.ca/drugs/DB09217	473298
PHENTOLAMINE MESYLATE	http://www.drugbank.ca/drugs/DB00692	227240
AMINOHIPPURIC ACID	http://www.drugbank.ca/drugs/DB00345	7832
SULFATHIAZOLE	http://www.drugbank.ca/drugs/DB06147	10193
CALCIUM ACETATE	http://www.drugbank.ca/drugs/DB00258	214342
ATOVAQUONE	http://www.drugbank.ca/drugs/DB01117	60212
TRAZODONE	http://www.drugbank.ca/drugs/DB00656	10737
TEMOZOLOMIDE	http://www.drugbank.ca/drugs/DB00853	37776
ULIPRISTAL ACETATE	http://www.drugbank.ca/drugs/DB05366	1005920
IDELALISIB	http://www.drugbank.ca/drugs/DB09054	1544460
PROCHLORPERAZINE	http://www.drugbank.ca/drugs/DB00433	8704
PROPOFOL	http://www.drugbank.ca/drugs/DB00818	8782
EPINEPHRINE	http://www.drugbank.ca/drugs/DB00668	3992
METHOTREXATE	http://www.drugbank.ca/drugs/DB00563	6851
VANDETANIB	http://www.drugbank.ca/drugs/DB05294	1098413
DARUNAVIR	http://www.drugbank.ca/drugs/DB01264	460132
MEROPENEM ANHYDROUS	http://www.drugbank.ca/drugs/DB00760	1546029
DIMETHYL SULFOXIDE	http://www.drugbank.ca/drugs/DB01093	3455
PHENOBARBITAL	http://www.drugbank.ca/drugs/DB01174	8134
ALPRAZOLAM	http://www.drugbank.ca/drugs/DB00404	596
RALOXIFENE	http://www.drugbank.ca/drugs/DB00481	72143
DICHLORALPHENAZONE	http://www.drugbank.ca/drugs/DB01495	22892
ASPARTAME	http://www.drugbank.ca/drugs/DB00168	1311524
ETOMIDATE	http://www.drugbank.ca/drugs/DB00292	4177
PYRIMETHAMINE	http://www.drugbank.ca/drugs/DB00205	9010
PHENTOLAMINE	http://www.drugbank.ca/drugs/DB00692	8153
FIDAXOMICIN	http://www.drugbank.ca/drugs/DB08874	1111103
PENICILLIN V	http://www.drugbank.ca/drugs/DB00417	7984
NALTREXONE HYDROCHLORIDE	http://www.drugbank.ca/drugs/DB05302	105069
DIDECYLDIMONIUM	http://www.drugbank.ca/drugs/DB04221	1425983
CETRIMONIUM	http://www.drugbank.ca/drugs/DB01718	20614
TIAGABINE	http://www.drugbank.ca/drugs/DB00906	31914
LOTEPREDNOL	http://www.drugbank.ca/drugs/DB00873	237027
MACITENTAN	http://www.drugbank.ca/drugs/DB08932	1442132
DOCONEXENT	http://www.drugbank.ca/drugs/DB01708	1006469
FLAVIN ADENINE DINUCLEOTIDE	http://www.drugbank.ca/drugs/DB03147	1314412
VORAPAXAR	http://www.drugbank.ca/drugs/DB09030	1537034
DIETHYLENE GLYCOL DIETHYL ETHER	http://www.drugbank.ca/drugs/DB08357	1435108
GLYCEROL PHENYLBUTYRATE	http://www.drugbank.ca/drugs/DB08909	1368451
HEXANEDIOL	http://www.drugbank.ca/drugs/DB02210	1307037
METHYLENE BLUE CATION	http://www.drugbank.ca/drugs/DB08167	1546414
IDARUBICIN	http://www.drugbank.ca/drugs/DB01177	5650
DAUNORUBICIN	http://www.drugbank.ca/drugs/DB00694	3109
METYRAPONE	http://www.drugbank.ca/drugs/DB01011	6923
CYSTEINE HYDROCHLORIDE	http://www.drugbank.ca/drugs/DB09485	221086
TIXOCORTOL	http://www.drugbank.ca/drugs/DB09091	57257
TIPRANAVIR	http://www.drugbank.ca/drugs/DB00932	190548
