MESNA	http://www.drugbank.ca/drugs/DB09110	44
MERCAPTOPURINE	http://www.drugbank.ca/drugs/DB01033	103
ACEPROMAZINE	http://www.drugbank.ca/drugs/DB01614	155
ACETAMINOPHEN	http://www.drugbank.ca/drugs/DB00316	161
ACETAZOLAMIDE	http://www.drugbank.ca/drugs/DB00819	167
ACETIC ACID	http://www.drugbank.ca/drugs/DB03166	168
ACETOHEXAMIDE	http://www.drugbank.ca/drugs/DB00414	173
ACETYLCARNITINE	http://www.drugbank.ca/drugs/DB08842	193
ACETYLCHOLINE	http://www.drugbank.ca/drugs/DB03128	194
ACETYLCYSTEINE	http://www.drugbank.ca/drugs/DB06151	197
SPECTINOMYCIN	http://www.drugbank.ca/drugs/DB00919	270
ACTIVATED CHARCOAL	http://www.drugbank.ca/drugs/DB09278	272
ACYCLOVIR	http://www.drugbank.ca/drugs/DB00787	281
ADENINE	http://www.drugbank.ca/drugs/DB00173	290
ADENOSINE	http://www.drugbank.ca/drugs/DB00640	296
ADENOSINE TRIPHOSPHATE	http://www.drugbank.ca/drugs/DB00171	318
AJMALINE	http://www.drugbank.ca/drugs/DB01426	423
ALANINE	http://www.drugbank.ca/drugs/DB01786	426
ALBENDAZOLE	http://www.drugbank.ca/drugs/DB00518	430
ALFENTANIL	http://www.drugbank.ca/drugs/DB00802	480
ALLOPURINOL	http://www.drugbank.ca/drugs/DB00437	519
ALLYLESTRENOL	http://www.drugbank.ca/drugs/DB01431	525
ALMITRINE	http://www.drugbank.ca/drugs/DB01430	528
ALPRAZOLAM	http://www.drugbank.ca/drugs/DB00404	596
ALPROSTADIL	http://www.drugbank.ca/drugs/DB00770	598
ALUMINUM HYDROXIDE	http://www.drugbank.ca/drugs/DB06723	612
AMANTADINE	http://www.drugbank.ca/drugs/DB00915	620
AMBENONIUM	http://www.drugbank.ca/drugs/DB01122	623
AMBROXOL	http://www.drugbank.ca/drugs/DB06742	625
AMDINOCILLIN	http://www.drugbank.ca/drugs/DB01163	626
AMDINOCILLIN PIVOXIL	http://www.drugbank.ca/drugs/DB01605	627
MITOMYCIN	http://www.drugbank.ca/drugs/DB00305	632
AMIKACIN	http://www.drugbank.ca/drugs/DB00479	641
AMILORIDE	http://www.drugbank.ca/drugs/DB00594	644
AMINACRINE	http://www.drugbank.ca/drugs/DB11561	645
AMINOLEVULINIC ACID	http://www.drugbank.ca/drugs/DB00855	683
AMINOPHYLLINE	http://www.drugbank.ca/drugs/DB01223	689
AMIODARONE	http://www.drugbank.ca/drugs/DB01118	703
AMITRIPTYLINE	http://www.drugbank.ca/drugs/DB00321	704
AMMONIUM CHLORIDE	http://www.drugbank.ca/drugs/DB06767	712
AMOBARBITAL	http://www.drugbank.ca/drugs/DB01351	719
AMODIAQUINE	http://www.drugbank.ca/drugs/DB00613	720
AMOXAPINE	http://www.drugbank.ca/drugs/DB00543	722
AMOXICILLIN	http://www.drugbank.ca/drugs/DB01060	723
AMPHOTERICIN B	http://www.drugbank.ca/drugs/DB00681	732
AMPICILLIN	http://www.drugbank.ca/drugs/DB00415	733
INAMRINONE	http://www.drugbank.ca/drugs/DB01427	738
AMSACRINE	http://www.drugbank.ca/drugs/DB00276	739
ANDROSTENEDIONE	http://www.drugbank.ca/drugs/DB01536	784
ANTAZOLINE	http://www.drugbank.ca/drugs/DB08799	865
ANTIPYRINE	http://www.drugbank.ca/drugs/DB01435	1001
APOMORPHINE	http://www.drugbank.ca/drugs/DB00714	1043
APRINDINE	http://www.drugbank.ca/drugs/DB01429	1054
APROTININ	http://www.drugbank.ca/drugs/DB06692	1056
ARGININE	http://www.drugbank.ca/drugs/DB00125	1091
ASCORBIC ACID	http://www.drugbank.ca/drugs/DB00126	1151
ASPARTIC ACID	http://www.drugbank.ca/drugs/DB00128	1169
ASPIRIN	http://www.drugbank.ca/drugs/DB00945	1191
AURANOFIN	http://www.drugbank.ca/drugs/DB00995	1227
AZACITIDINE	http://www.drugbank.ca/drugs/DB00928	1251
AZATHIOPRINE	http://www.drugbank.ca/drugs/DB00993	1256
AZLOCILLIN	http://www.drugbank.ca/drugs/DB01061	1266
AZTREONAM	http://www.drugbank.ca/drugs/DB00355	1272
BARBITAL	http://www.drugbank.ca/drugs/DB01483	1325
BECLOMETHASONE	http://www.drugbank.ca/drugs/DB00394	1347
BECLOMETHASONE DIPROPIONATE	http://www.drugbank.ca/drugs/DB00394	1348
BENACTYZINE	http://www.drugbank.ca/drugs/DB09023	1361
LINDANE	http://www.drugbank.ca/drugs/DB00431	1388
BENZOCAINE	http://www.drugbank.ca/drugs/DB01086	1399
BENZOYL PEROXIDE	http://www.drugbank.ca/drugs/DB09096	1418
BENZPHETAMINE	http://www.drugbank.ca/drugs/DB00865	1422
BENZTROPINE	http://www.drugbank.ca/drugs/DB00245	1424
BENZYDAMINE	http://www.drugbank.ca/drugs/DB09084	1425
BENZYL ALCOHOL	http://www.drugbank.ca/drugs/DB06770	1426
BERBERINE	http://www.drugbank.ca/drugs/DB04115	1437
BETAHISTINE	http://www.drugbank.ca/drugs/DB06698	1511
BETAINE	http://www.drugbank.ca/drugs/DB06756	1512
BETAMETHASONE	http://www.drugbank.ca/drugs/DB00443	1514
BETHANIDINE	http://www.drugbank.ca/drugs/DB00217	1523
BEZAFIBRATE	http://www.drugbank.ca/drugs/DB01393	1525
BIOTIN	http://www.drugbank.ca/drugs/DB00121	1588
BISACODYL	http://www.drugbank.ca/drugs/DB09020	1596
DICUMAROL	http://www.drugbank.ca/drugs/DB00266	1598
BROMAZEPAM	http://www.drugbank.ca/drugs/DB01558	1749
BROMHEXINE	http://www.drugbank.ca/drugs/DB09019	1753
BROMOCRIPTINE	http://www.drugbank.ca/drugs/DB01200	1760
BUMETANIDE	http://www.drugbank.ca/drugs/DB00887	1808
LEVOBUNOLOL	http://www.drugbank.ca/drugs/DB01210	1813
BUPRENORPHINE	http://www.drugbank.ca/drugs/DB00921	1819
BUSERELIN	http://www.drugbank.ca/drugs/DB06719	1825
BUSPIRONE	http://www.drugbank.ca/drugs/DB00490	1827
BUSULFAN	http://www.drugbank.ca/drugs/DB01008	1828
BUTORPHANOL	http://www.drugbank.ca/drugs/DB00611	1841
CAFFEINE	http://www.drugbank.ca/drugs/DB00201	1886
CALCIFEDIOL	http://www.drugbank.ca/drugs/DB00146	1889
CALCITRIOL	http://www.drugbank.ca/drugs/DB00136	1894
CALCIUM	http://www.drugbank.ca/drugs/DB01373	1895
CALCIUM CARBONATE	http://www.drugbank.ca/drugs/DB06724	1897
CALCIUM CHLORIDE	http://www.drugbank.ca/drugs/DB01164	1901
CALCIUM CARBIMIDE	http://www.drugbank.ca/drugs/DB09116	1902
CANRENOATE POTASSIUM	http://www.drugbank.ca/drugs/DB09015	1981
CAPSAICIN	http://www.drugbank.ca/drugs/DB06774	1992
CAPSAICIN	http://www.drugbank.ca/drugs/DB05318	1992
CAPTOPRIL	http://www.drugbank.ca/drugs/DB01197	1998
CARBACHOL	http://www.drugbank.ca/drugs/DB00411	1999
CARBAMAZEPINE	http://www.drugbank.ca/drugs/DB00564	2002
CARBENOXOLONE	http://www.drugbank.ca/drugs/DB02329	2017
CARBIDOPA	http://www.drugbank.ca/drugs/DB00190	2019
CARBIMAZOLE	http://www.drugbank.ca/drugs/DB00389	2020
CARBOCYSTEINE	http://www.drugbank.ca/drugs/DB04339	2023
CARBON DIOXIDE	http://www.drugbank.ca/drugs/DB09157	2034
CARBOPROST	http://www.drugbank.ca/drugs/DB00429	2051
CARMUSTINE	http://www.drugbank.ca/drugs/DB00262	2105
CEFACLOR	http://www.drugbank.ca/drugs/DB00833	2176
CEFADROXIL	http://www.drugbank.ca/drugs/DB01140	2177
CEFAMANDOLE	http://www.drugbank.ca/drugs/DB01326	2178
CEFAZOLIN	http://www.drugbank.ca/drugs/DB01327	2180
CEFMETAZOLE	http://www.drugbank.ca/drugs/DB00274	2182
CEFONICID	http://www.drugbank.ca/drugs/DB01328	2183
CEFOPERAZONE	http://www.drugbank.ca/drugs/DB01329	2184
CEFOTAXIME	http://www.drugbank.ca/drugs/DB00493	2186
CEFOTIAM	http://www.drugbank.ca/drugs/DB00229	2188
CEFOXITIN	http://www.drugbank.ca/drugs/DB01331	2189
CEFTAZIDIME	http://www.drugbank.ca/drugs/DB00438	2191
CEFTIZOXIME	http://www.drugbank.ca/drugs/DB01332	2192
CEFTRIAXONE	http://www.drugbank.ca/drugs/DB01212	2193
CEFUROXIME	http://www.drugbank.ca/drugs/DB01112	2194
CEPHALEXIN	http://www.drugbank.ca/drugs/DB00567	2231
CEPHALORIDINE	http://www.drugbank.ca/drugs/DB09008	2233
CEPHALOTHIN	http://www.drugbank.ca/drugs/DB00456	2236
CEPHAPIRIN	http://www.drugbank.ca/drugs/DB01139	2238
CHLORAL HYDRATE	http://www.drugbank.ca/drugs/DB01563	2344
CHLORAMBUCIL	http://www.drugbank.ca/drugs/DB00291	2346
CHLORAMPHENICOL	http://www.drugbank.ca/drugs/DB00446	2348
CHLORDIAZEPOXIDE	http://www.drugbank.ca/drugs/DB00475	2356
CHLORHEXIDINE	http://www.drugbank.ca/drugs/DB00878	2358
PROGUANIL	http://www.drugbank.ca/drugs/DB01131	2382
CHLOROTHIAZIDE	http://www.drugbank.ca/drugs/DB00880	2396
CHLOROTRIANISENE	http://www.drugbank.ca/drugs/DB00269	2397
CHLORPROMAZINE	http://www.drugbank.ca/drugs/DB00477	2403
CHLORPROPAMIDE	http://www.drugbank.ca/drugs/DB00672	2404
CHLORPROTHIXENE	http://www.drugbank.ca/drugs/DB01239	2406
CHLORTETRACYCLINE	http://www.drugbank.ca/drugs/DB09093	2408
CHLORZOXAZONE	http://www.drugbank.ca/drugs/DB00356	2410
CHOLECALCIFEROL	http://www.drugbank.ca/drugs/DB00169	2418
CHOLESTEROL	http://www.drugbank.ca/drugs/DB04540	2438
CHOLINE	http://www.drugbank.ca/drugs/DB00122	2449
CILASTATIN	http://www.drugbank.ca/drugs/DB01597	2540
CIMETIDINE	http://www.drugbank.ca/drugs/DB00501	2541
CINNARIZINE	http://www.drugbank.ca/drugs/DB00568	2549
CINOXACIN	http://www.drugbank.ca/drugs/DB00827	2550
CIPROFLOXACIN	http://www.drugbank.ca/drugs/DB00537	2551
CITRULLINE	http://www.drugbank.ca/drugs/DB00155	2567
CLEMASTINE	http://www.drugbank.ca/drugs/DB00283	2578
CLINDAMYCIN	http://www.drugbank.ca/drugs/DB01190	2582
CLOFAZIMINE	http://www.drugbank.ca/drugs/DB00845	2592
CLOFIBRATE	http://www.drugbank.ca/drugs/DB00636	2594
CLOMIPRAMINE	http://www.drugbank.ca/drugs/DB01242	2597
CLONAZEPAM	http://www.drugbank.ca/drugs/DB01068	2598
CLONIDINE	http://www.drugbank.ca/drugs/DB00575	2599
CLONIXIN	http://www.drugbank.ca/drugs/DB09218	2601
CLOTIAZEPAM	http://www.drugbank.ca/drugs/DB01559	2622
CLOTRIMAZOLE	http://www.drugbank.ca/drugs/DB00257	2623
CLOXACILLIN	http://www.drugbank.ca/drugs/DB01147	2625
CLOZAPINE	http://www.drugbank.ca/drugs/DB00363	2626
COCAINE	http://www.drugbank.ca/drugs/DB00907	2653
CODEINE	http://www.drugbank.ca/drugs/DB00318	2670
COLCHICINE	http://www.drugbank.ca/drugs/DB01394	2683
COPPER	http://www.drugbank.ca/drugs/DB09130	2837
COUMARIN	http://www.drugbank.ca/drugs/DB04665	2898
CREATINE	http://www.drugbank.ca/drugs/DB00148	2907
CYCLACILLIN	http://www.drugbank.ca/drugs/DB01000	2968
CYCLIZINE	http://www.drugbank.ca/drugs/DB01176	2977
CYCLOSERINE	http://www.drugbank.ca/drugs/DB00260	3007
CYCLOSPORINE	http://www.drugbank.ca/drugs/DB00091	3008
CYPROHEPTADINE	http://www.drugbank.ca/drugs/DB00434	3013
CYSTEAMINE	http://www.drugbank.ca/drugs/DB00847	3022
CYSTEINE	http://www.drugbank.ca/drugs/DB03201	3024
CYSTEINE	http://www.drugbank.ca/drugs/DB00151	3024
CYSTINE	http://www.drugbank.ca/drugs/DB00138	3036
CYTARABINE	http://www.drugbank.ca/drugs/DB00987	3041
DACARBAZINE	http://www.drugbank.ca/drugs/DB00851	3098
DACTINOMYCIN	http://www.drugbank.ca/drugs/DB00970	3100
DANAZOL	http://www.drugbank.ca/drugs/DB01406	3102
DANTROLENE	http://www.drugbank.ca/drugs/DB01219	3105
DAPSONE	http://www.drugbank.ca/drugs/DB00250	3108
DAUNORUBICIN	http://www.drugbank.ca/drugs/DB00694	3109
DEBRISOQUIN	http://www.drugbank.ca/drugs/DB04840	3118
DEFEROXAMINE	http://www.drugbank.ca/drugs/DB00746	3131
DEMECLOCYCLINE	http://www.drugbank.ca/drugs/DB00618	3154
DEOXYCHOLIC ACID	http://www.drugbank.ca/drugs/DB03619	3194
DEQUALINIUM	http://www.drugbank.ca/drugs/DB04209	3226
DESIPRAMINE	http://www.drugbank.ca/drugs/DB01151	3247
DESLANOSIDE	http://www.drugbank.ca/drugs/DB01078	3248
DESMOPRESSIN	http://www.drugbank.ca/drugs/DB00035	3251
DESONIDE	http://www.drugbank.ca/drugs/DB01260	3254
DESOXIMETASONE	http://www.drugbank.ca/drugs/DB00547	3255
DEXAMETHASONE	http://www.drugbank.ca/drugs/DB01234	3264
DEXETIMIDE	http://www.drugbank.ca/drugs/DB08997	3267
DEXFENFLURAMINE	http://www.drugbank.ca/drugs/DB01191	3268
DEXTROAMPHETAMINE	http://www.drugbank.ca/drugs/DB01576	3288
DEXTROMETHORPHAN	http://www.drugbank.ca/drugs/DB00514	3289
DEXTROMORAMIDE	http://www.drugbank.ca/drugs/DB01529	3290
DEXTROTHYROXINE	http://www.drugbank.ca/drugs/DB00509	3292
DIAZEPAM	http://www.drugbank.ca/drugs/DB00829	3322
DIAZOXIDE	http://www.drugbank.ca/drugs/DB01119	3327
DIBUCAINE	http://www.drugbank.ca/drugs/DB00527	3339
CLODRONIC ACID	http://www.drugbank.ca/drugs/DB00720	3350
DICHLORPHENAMIDE	http://www.drugbank.ca/drugs/DB01144	3353
DICLOFENAC	http://www.drugbank.ca/drugs/DB00586	3355
DICLOXACILLIN	http://www.drugbank.ca/drugs/DB00485	3356
DICYCLOMINE	http://www.drugbank.ca/drugs/DB00804	3361
ZALCITABINE	http://www.drugbank.ca/drugs/DB00943	3363
DIDANOSINE	http://www.drugbank.ca/drugs/DB00900	3364
DIENESTROL	http://www.drugbank.ca/drugs/DB00890	3368
DIETHYLCARBAMAZINE	http://www.drugbank.ca/drugs/DB00711	3384
DIETHYLSTILBESTROL	http://www.drugbank.ca/drugs/DB00255	3390
DIFLUNISAL	http://www.drugbank.ca/drugs/DB00861	3393
DIGITOXIN	http://www.drugbank.ca/drugs/DB01396	3403
DIGOXIN	http://www.drugbank.ca/drugs/DB00390	3407
DIHYDROERGOTAMINE	http://www.drugbank.ca/drugs/DB00320	3418
HYDROMORPHONE	http://www.drugbank.ca/drugs/DB00327	3423
DIHYDROTACHYSTEROL	http://www.drugbank.ca/drugs/DB01070	3429
DIHYDROXYACETONE	http://www.drugbank.ca/drugs/DB01775	3430
IODOQUINOL	http://www.drugbank.ca/drugs/DB09115	3435
DILTIAZEM	http://www.drugbank.ca/drugs/DB00343	3443
DIMENHYDRINATE	http://www.drugbank.ca/drugs/DB00985	3444
SUCCIMER	http://www.drugbank.ca/drugs/DB00566	3446
DIMETHYL SULFOXIDE	http://www.drugbank.ca/drugs/DB01093	3455
DINOPROSTONE	http://www.drugbank.ca/drugs/DB00917	3478
DIOSMIN	http://www.drugbank.ca/drugs/DB08995	3489
DIPHENHYDRAMINE	http://www.drugbank.ca/drugs/DB01075	3498
DIPHENOXYLATE	http://www.drugbank.ca/drugs/DB01081	3500
DIPYRIDAMOLE	http://www.drugbank.ca/drugs/DB00975	3521
DIPYRONE	http://www.drugbank.ca/drugs/DB04817	3523
DISULFIRAM	http://www.drugbank.ca/drugs/DB00822	3554
DOMPERIDONE	http://www.drugbank.ca/drugs/DB01184	3626
DOPAMINE	http://www.drugbank.ca/drugs/DB00988	3628
DOTHIEPIN	http://www.drugbank.ca/drugs/DB09167	3634
DOXORUBICIN	http://www.drugbank.ca/drugs/DB00997	3639
DOXYCYCLINE	http://www.drugbank.ca/drugs/DB00254	3640
DROPERIDOL	http://www.drugbank.ca/drugs/DB00450	3648
DYDROGESTERONE	http://www.drugbank.ca/drugs/DB00378	3706
EDROPHONIUM	http://www.drugbank.ca/drugs/DB01010	3752
EDETIC ACID	http://www.drugbank.ca/drugs/DB00974	3755
ENALAPRIL	http://www.drugbank.ca/drugs/DB00584	3827
ENALAPRILAT	http://www.drugbank.ca/drugs/DB09477	3829
ENOXACIN	http://www.drugbank.ca/drugs/DB00467	3925
EPHEDRINE	http://www.drugbank.ca/drugs/DB01364	3966
EPINEPHRINE	http://www.drugbank.ca/drugs/DB00668	3992
EPIRUBICIN	http://www.drugbank.ca/drugs/DB00445	3995
ERGOCALCIFEROL	http://www.drugbank.ca/drugs/DB00153	4018
ERGONOVINE	http://www.drugbank.ca/drugs/DB01253	4021
ERGOTAMINE	http://www.drugbank.ca/drugs/DB00696	4025
ERYTHRITYL TETRANITRATE	http://www.drugbank.ca/drugs/DB01613	4040
ERYTHROMYCIN	http://www.drugbank.ca/drugs/DB00199	4053
ESTAZOLAM	http://www.drugbank.ca/drugs/DB01215	4077
ESTRADIOL	http://www.drugbank.ca/drugs/DB00783	4083
ESTRAMUSTINE	http://www.drugbank.ca/drugs/DB01196	4089
ESTRIOL	http://www.drugbank.ca/drugs/DB04573	4094
ESTRONE	http://www.drugbank.ca/drugs/DB00655	4103
ETHACRYNIC ACID	http://www.drugbank.ca/drugs/DB00903	4109
ETHAMBUTOL	http://www.drugbank.ca/drugs/DB00330	4110
ETHINYL ESTRADIOL	http://www.drugbank.ca/drugs/DB00977	4124
AMIFOSTINE	http://www.drugbank.ca/drugs/DB01143	4126
ETHIONAMIDE	http://www.drugbank.ca/drugs/DB00609	4127
ETHYLESTRENOL	http://www.drugbank.ca/drugs/DB01493	4162
ETHYLMORPHINE	http://www.drugbank.ca/drugs/DB01466	4166
ETHYNODIOL DIACETATE	http://www.drugbank.ca/drugs/DB00823	4170
ETOMIDATE	http://www.drugbank.ca/drugs/DB00292	4177
ETOPOSIDE	http://www.drugbank.ca/drugs/DB00773	4179
ETRETINATE	http://www.drugbank.ca/drugs/DB00926	4182
EUGENOL	http://www.drugbank.ca/drugs/DB09086	4186
FAMOTIDINE	http://www.drugbank.ca/drugs/DB00927	4278
FENSPIRIDE	http://www.drugbank.ca/drugs/DB08979	4335
FENTANYL	http://www.drugbank.ca/drugs/DB00813	4337
FLAVOXATE	http://www.drugbank.ca/drugs/DB01148	4440
FLUCONAZOLE	http://www.drugbank.ca/drugs/DB00196	4450
FLUCYTOSINE	http://www.drugbank.ca/drugs/DB01099	4451
FLUDROCORTISONE	http://www.drugbank.ca/drugs/DB00687	4452
FLUFENAMIC ACID	http://www.drugbank.ca/drugs/DB02266	4453
FLUMAZENIL	http://www.drugbank.ca/drugs/DB01205	4457
FLUMETHASONE	http://www.drugbank.ca/drugs/DB00663	4458
FLUNARIZINE	http://www.drugbank.ca/drugs/DB04841	4459
FLUNITRAZEPAM	http://www.drugbank.ca/drugs/DB01544	4460
FLUOCINOLONE ACETONIDE	http://www.drugbank.ca/drugs/DB00591	4461
FLUOCINONIDE	http://www.drugbank.ca/drugs/DB01047	4462
FLUOCORTOLONE	http://www.drugbank.ca/drugs/DB08971	4463
FLOXURIDINE	http://www.drugbank.ca/drugs/DB00322	4488
FLUOROMETHOLONE	http://www.drugbank.ca/drugs/DB00324	4491
FLUOROURACIL	http://www.drugbank.ca/drugs/DB00544	4492
FLUOXYMESTERONE	http://www.drugbank.ca/drugs/DB01185	4494
FLUPHENAZINE	http://www.drugbank.ca/drugs/DB00623	4496
FLURANDRENOLIDE	http://www.drugbank.ca/drugs/DB00846	4500
FLURAZEPAM	http://www.drugbank.ca/drugs/DB00690	4501
FLUSPIRILENE	http://www.drugbank.ca/drugs/DB04842	4507
FLUTAMIDE	http://www.drugbank.ca/drugs/DB00499	4508
FOLIC ACID	http://www.drugbank.ca/drugs/DB00158	4511
FORMALDEHYDE	http://www.drugbank.ca/drugs/DB03843	4530
FORMIC ACID	http://www.drugbank.ca/drugs/DB01942	4537
FOSFOMYCIN	http://www.drugbank.ca/drugs/DB00828	4550
FRAMYCETIN	http://www.drugbank.ca/drugs/DB00452	4556
FRAMYCETIN	http://www.drugbank.ca/drugs/DB00994	4556
FURAZOLIDONE	http://www.drugbank.ca/drugs/DB00614	4601
FUROSEMIDE	http://www.drugbank.ca/drugs/DB00695	4603
FUSIDIC ACID	http://www.drugbank.ca/drugs/DB02703	4608
GALANTAMINE	http://www.drugbank.ca/drugs/DB00674	4637
GALLAMINE TRIETHIODIDE	http://www.drugbank.ca/drugs/DB00483	4639
GANCICLOVIR	http://www.drugbank.ca/drugs/DB01004	4678
GEMFIBROZIL	http://www.drugbank.ca/drugs/DB01241	4719
GENTIAN VIOLET	http://www.drugbank.ca/drugs/DB00406	4778
GLYBURIDE	http://www.drugbank.ca/drugs/DB01016	4815
GLICLAZIDE	http://www.drugbank.ca/drugs/DB01120	4816
GLIPIZIDE	http://www.drugbank.ca/drugs/DB01067	4821
GLUCOSAMINE	http://www.drugbank.ca/drugs/DB01296	4845
GLUTAMINE	http://www.drugbank.ca/drugs/DB02174	4885
GLUTAMINE	http://www.drugbank.ca/drugs/DB00130	4885
GLUTARAL	http://www.drugbank.ca/drugs/DB03266	4888
GLUTATHIONE	http://www.drugbank.ca/drugs/DB00143	4890
GLYCERIN	http://www.drugbank.ca/drugs/DB09462	4910
GLYCERIN	http://www.drugbank.ca/drugs/DB04077	4910
NITROGLYCERIN	http://www.drugbank.ca/drugs/DB00727	4917
GLYCINE	http://www.drugbank.ca/drugs/DB00145	4919
AUROTHIOGLUCOSE	http://www.drugbank.ca/drugs/DB09121	4980
GRISEOFULVIN	http://www.drugbank.ca/drugs/DB00400	5021
GUANABENZ	http://www.drugbank.ca/drugs/DB00629	5033
GUANETHIDINE	http://www.drugbank.ca/drugs/DB01170	5036
HALCINONIDE	http://www.drugbank.ca/drugs/DB06786	5084
HALOPERIDOL	http://www.drugbank.ca/drugs/DB00502	5093
HELIUM	http://www.drugbank.ca/drugs/DB09155	5140
HEMIN	http://www.drugbank.ca/drugs/DB03404	5175
HESPERIDIN	http://www.drugbank.ca/drugs/DB04703	5281
HEXACHLOROPHENE	http://www.drugbank.ca/drugs/DB00756	5293
ALTRETAMINE	http://www.drugbank.ca/drugs/DB00488	5296
HISTAMINE	http://www.drugbank.ca/drugs/DB11320	5333
HISTIDINE	http://www.drugbank.ca/drugs/DB00117	5340
HYDRALAZINE	http://www.drugbank.ca/drugs/DB01275	5470
HYDROCHLOROTHIAZIDE	http://www.drugbank.ca/drugs/DB00999	5487
HYDROCODONE	http://www.drugbank.ca/drugs/DB00956	5489
HYDROCORTISONE	http://www.drugbank.ca/drugs/DB00741	5492
HYDROFLUMETHIAZIDE	http://www.drugbank.ca/drugs/DB00774	5495
HYDROQUINONE	http://www.drugbank.ca/drugs/DB09526	5509
HYDROXOCOBALAMIN	http://www.drugbank.ca/drugs/DB00200	5514
HYDROXYUREA	http://www.drugbank.ca/drugs/DB01005	5552
HYMECROMONE	http://www.drugbank.ca/drugs/DB07118	5556
IDARUBICIN	http://www.drugbank.ca/drugs/DB01177	5650
IDOXURIDINE	http://www.drugbank.ca/drugs/DB00249	5653
IMIPENEM	http://www.drugbank.ca/drugs/DB01598	5690
IMIPRAMINE	http://www.drugbank.ca/drugs/DB00458	5691
INDOCYANINE GREEN	http://www.drugbank.ca/drugs/DB09374	5775
INDOMETHACIN	http://www.drugbank.ca/drugs/DB00328	5781
INDORAMIN	http://www.drugbank.ca/drugs/DB08950	5784
INOSINIC ACID	http://www.drugbank.ca/drugs/DB01598	5832
INOSINIC ACID	http://www.drugbank.ca/drugs/DB04566	5832
INOSITOL	http://www.drugbank.ca/drugs/DB03106	5833
IODAMIDE	http://www.drugbank.ca/drugs/DB08948	5928
IODINE	http://www.drugbank.ca/drugs/DB05382	5933
IODIPAMIDE	http://www.drugbank.ca/drugs/DB04711	5936
CLIOQUINOL	http://www.drugbank.ca/drugs/DB04815	5942
IOPAMIDOL	http://www.drugbank.ca/drugs/DB08947	5966
IPRONIAZID	http://www.drugbank.ca/drugs/DB04818	5981
ISOCARBOXAZID	http://www.drugbank.ca/drugs/DB01247	6011
ISOFLUROPHATE	http://www.drugbank.ca/drugs/DB00677	6027
ISOLEUCINE	http://www.drugbank.ca/drugs/DB00167	6033
ISONIAZID	http://www.drugbank.ca/drugs/DB00951	6038
ISOSORBIDE DINITRATE	http://www.drugbank.ca/drugs/DB00883	6058
ISOTRETINOIN	http://www.drugbank.ca/drugs/DB00982	6064
JOSAMYCIN	http://www.drugbank.ca/drugs/DB01321	6084
KAOLIN	http://www.drugbank.ca/drugs/DB01575	6102
KETOTIFEN	http://www.drugbank.ca/drugs/DB00920	6146
LEUCINE	http://www.drugbank.ca/drugs/DB01746	6308
LEVALLORPHAN	http://www.drugbank.ca/drugs/DB00504	6370
LEVAMISOLE	http://www.drugbank.ca/drugs/DB00848	6371
LEVONORGESTREL	http://www.drugbank.ca/drugs/DB00367	6373
LEVODOPA	http://www.drugbank.ca/drugs/DB01235	6375
LEVOPROPOXYPHENE	http://www.drugbank.ca/drugs/DB06793	6377
LEVORPHANOL	http://www.drugbank.ca/drugs/DB00854	6378
LEVULINIC ACID	http://www.drugbank.ca/drugs/DB02239	6379
LIDOCAINE	http://www.drugbank.ca/drugs/DB00281	6387
LINCOMYCIN	http://www.drugbank.ca/drugs/DB01627	6398
LISURIDE	http://www.drugbank.ca/drugs/DB00589	6446
LITHIUM	http://www.drugbank.ca/drugs/DB01356	6448
LOBELINE	http://www.drugbank.ca/drugs/DB05137	6464
LOMUSTINE	http://www.drugbank.ca/drugs/DB01206	6466
LOPERAMIDE	http://www.drugbank.ca/drugs/DB00836	6468
LOVASTATIN	http://www.drugbank.ca/drugs/DB00227	6472
LOXAPINE	http://www.drugbank.ca/drugs/DB00408	6475
LYMECYCLINE	http://www.drugbank.ca/drugs/DB00256	6513
LYSINE	http://www.drugbank.ca/drugs/DB03252	6536
MAFENIDE	http://www.drugbank.ca/drugs/DB06795	6572
MAGNESIUM	http://www.drugbank.ca/drugs/DB01378	6574
MAGNESIUM CHLORIDE	http://www.drugbank.ca/drugs/DB09407	6579
MAGNESIUM HYDROXIDE	http://www.drugbank.ca/drugs/DB09104	6581
MAGNESIUM OXIDE	http://www.drugbank.ca/drugs/DB01377	6582
MANGANESE	http://www.drugbank.ca/drugs/DB06757	6623
MANNITOL	http://www.drugbank.ca/drugs/DB00742	6628
MAPROTILINE	http://www.drugbank.ca/drugs/DB00934	6646
MEBENDAZOLE	http://www.drugbank.ca/drugs/DB00643	6672
MECHLORETHAMINE	http://www.drugbank.ca/drugs/DB00888	6674
MECLOFENAMIC ACID	http://www.drugbank.ca/drugs/DB00939	6678
MEDROGESTONE	http://www.drugbank.ca/drugs/DB09124	6690
MEFENAMIC ACID	http://www.drugbank.ca/drugs/DB00784	6693
MELATONIN	http://www.drugbank.ca/drugs/DB01065	6711
MELPHALAN	http://www.drugbank.ca/drugs/DB01042	6718
MEMANTINE	http://www.drugbank.ca/drugs/DB01043	6719
MENADIONE	http://www.drugbank.ca/drugs/DB00170	6728
MEPERIDINE	http://www.drugbank.ca/drugs/DB00454	6754
MEPHENTERMINE	http://www.drugbank.ca/drugs/DB01365	6756
MEPROBAMATE	http://www.drugbank.ca/drugs/DB00371	6760
MESTRANOL	http://www.drugbank.ca/drugs/DB01357	6782
METARAMINOL	http://www.drugbank.ca/drugs/DB00610	6805
METFORMIN	http://www.drugbank.ca/drugs/DB00331	6809
METHACYCLINE	http://www.drugbank.ca/drugs/DB00931	6812
METHAMPHETAMINE	http://www.drugbank.ca/drugs/DB01577	6816
METHANTHELINE	http://www.drugbank.ca/drugs/DB00940	6821
METHAPYRILENE	http://www.drugbank.ca/drugs/DB04819	6822
METHAQUALONE	http://www.drugbank.ca/drugs/DB04833	6823
METHARBITAL	http://www.drugbank.ca/drugs/DB00463	6825
METHAZOLAMIDE	http://www.drugbank.ca/drugs/DB00703	6826
METHENAMINE	http://www.drugbank.ca/drugs/DB06799	6832
METHIMAZOLE	http://www.drugbank.ca/drugs/DB00763	6835
METHIONINE	http://www.drugbank.ca/drugs/DB00134	6837
METHOTREXATE	http://www.drugbank.ca/drugs/DB00563	6851
METHOXSALEN	http://www.drugbank.ca/drugs/DB00553	6854
METHOXYFLURANE	http://www.drugbank.ca/drugs/DB01028	6857
METHYLDOPA	http://www.drugbank.ca/drugs/DB00968	6876
METHYLDOPATE	http://www.drugbank.ca/drugs/DB00968	6877
METHYLENE BLUE	http://www.drugbank.ca/drugs/DB09241	6878
METHYLERGONOVINE	http://www.drugbank.ca/drugs/DB00353	6883
METHYLPREDNISOLONE	http://www.drugbank.ca/drugs/DB00959	6902
METHYLTESTOSTERONE	http://www.drugbank.ca/drugs/DB06710	6904
METHYSERGIDE	http://www.drugbank.ca/drugs/DB00247	6911
METOCLOPRAMIDE	http://www.drugbank.ca/drugs/DB01233	6915
METRIZAMIDE	http://www.drugbank.ca/drugs/DB01578	6920
METRONIDAZOLE	http://www.drugbank.ca/drugs/DB00916	6922
METYRAPONE	http://www.drugbank.ca/drugs/DB01011	6923
MEZLOCILLIN	http://www.drugbank.ca/drugs/DB00948	6927
MIDAZOLAM	http://www.drugbank.ca/drugs/DB00683	6960
MIFEPRISTONE	http://www.drugbank.ca/drugs/DB00834	6964
MINOCYCLINE	http://www.drugbank.ca/drugs/DB01017	6980
MINOXIDIL	http://www.drugbank.ca/drugs/DB00350	6984
PLICAMYCIN	http://www.drugbank.ca/drugs/DB06810	6995
MITOXANTRONE	http://www.drugbank.ca/drugs/DB01204	7005
MOLSIDOMINE	http://www.drugbank.ca/drugs/DB09282	7023
MORPHINE	http://www.drugbank.ca/drugs/DB00295	7052
MYCOPHENOLIC ACID	http://www.drugbank.ca/drugs/DB01024	7145
NADH	http://www.drugbank.ca/drugs/DB00157	7222
NAFCILLIN	http://www.drugbank.ca/drugs/DB00607	7233
NALBUPHINE	http://www.drugbank.ca/drugs/DB00844	7238
NALIDIXIC ACID	http://www.drugbank.ca/drugs/DB00779	7240
NALOXONE	http://www.drugbank.ca/drugs/DB01183	7242
NALTREXONE	http://www.drugbank.ca/drugs/DB00704	7243
NAPHAZOLINE	http://www.drugbank.ca/drugs/DB06711	7247
NAPROXEN	http://www.drugbank.ca/drugs/DB08298	7258
NAPROXEN	http://www.drugbank.ca/drugs/DB00788	7258
NATAMYCIN	http://www.drugbank.ca/drugs/DB00826	7268
NEOSTIGMINE	http://www.drugbank.ca/drugs/DB01400	7315
NETILMICIN	http://www.drugbank.ca/drugs/DB00955	7337
NIACIN	http://www.drugbank.ca/drugs/DB00627	7393
NIALAMIDE	http://www.drugbank.ca/drugs/DB04820	7394
NICERGOLINE	http://www.drugbank.ca/drugs/DB00699	7398
NICLOSAMIDE	http://www.drugbank.ca/drugs/DB06803	7402
NIACINAMIDE	http://www.drugbank.ca/drugs/DB02701	7405
NICOTINE	http://www.drugbank.ca/drugs/DB00184	7407
NICOTINYL ALCOHOL	http://www.drugbank.ca/drugs/DB04145	7414
NIFEDIPINE	http://www.drugbank.ca/drugs/DB01115	7417
NIFLUMIC ACID	http://www.drugbank.ca/drugs/DB04552	7418
NITRAZEPAM	http://www.drugbank.ca/drugs/DB01595	7440
NITRIC OXIDE	http://www.drugbank.ca/drugs/DB00435	7442
NITROFURANTOIN	http://www.drugbank.ca/drugs/DB00698	7454
NITROFURAZONE	http://www.drugbank.ca/drugs/DB00336	7455
NITROGEN	http://www.drugbank.ca/drugs/DB09152	7456
NITROPRUSSIDE	http://www.drugbank.ca/drugs/DB00325	7476
NITROUS OXIDE	http://www.drugbank.ca/drugs/DB06690	7486
NOREPINEPHRINE	http://www.drugbank.ca/drugs/DB00368	7512
NORETHINDRONE	http://www.drugbank.ca/drugs/DB00717	7514
NORFLOXACIN	http://www.drugbank.ca/drugs/DB01059	7517
NORTRIPTYLINE	http://www.drugbank.ca/drugs/DB00540	7531
NOVOBIOCIN	http://www.drugbank.ca/drugs/DB01051	7538
OCTREOTIDE	http://www.drugbank.ca/drugs/DB00104	7617
OLEIC ACID	http://www.drugbank.ca/drugs/DB04224	7631
ORNITHINE	http://www.drugbank.ca/drugs/DB00129	7704
OROTIC ACID	http://www.drugbank.ca/drugs/DB02262	7712
OUABAIN	http://www.drugbank.ca/drugs/DB01092	7762
OXACILLIN	http://www.drugbank.ca/drugs/DB00713	7773
OXANDROLONE	http://www.drugbank.ca/drugs/DB00621	7779
OXYCODONE	http://www.drugbank.ca/drugs/DB00497	7804
OXYGEN	http://www.drugbank.ca/drugs/DB09140	7806
OXYMETAZOLINE	http://www.drugbank.ca/drugs/DB00935	7812
OXYMETHOLONE	http://www.drugbank.ca/drugs/DB06412	7813
OXYMORPHONE	http://www.drugbank.ca/drugs/DB01192	7814
OXYTETRACYCLINE	http://www.drugbank.ca/drugs/DB00595	7821
AMINOSALICYLIC ACID	http://www.drugbank.ca/drugs/DB00233	7833
PANCURONIUM	http://www.drugbank.ca/drugs/DB01337	7883
PANTOTHENIC ACID	http://www.drugbank.ca/drugs/DB01783	7891
PAPAVERINE	http://www.drugbank.ca/drugs/DB01113	7895
PARAMETHASONE	http://www.drugbank.ca/drugs/DB01384	7910
PARGYLINE	http://www.drugbank.ca/drugs/DB01626	7930
PAROMOMYCIN	http://www.drugbank.ca/drugs/DB01421	7934
PEFLOXACIN	http://www.drugbank.ca/drugs/DB00487	7960
PENBUTOLOL	http://www.drugbank.ca/drugs/DB01359	7973
PENICILLAMINE	http://www.drugbank.ca/drugs/DB00859	7975
PENICILLIN G	http://www.drugbank.ca/drugs/DB01053	7980
PENICILLIN G BENZATHINE	http://www.drugbank.ca/drugs/DB09323	7982
PENICILLIN G PROCAINE	http://www.drugbank.ca/drugs/DB09320	7983
PENICILLIN V	http://www.drugbank.ca/drugs/DB00417	7984
PENTAGASTRIN	http://www.drugbank.ca/drugs/DB00183	7993
PENTAMIDINE	http://www.drugbank.ca/drugs/DB00738	7994
SODIUM STIBOGLUCONATE	http://www.drugbank.ca/drugs/DB05630	8010
PENTOSTATIN	http://www.drugbank.ca/drugs/DB00552	8011
PENTOXIFYLLINE	http://www.drugbank.ca/drugs/DB00806	8013
PERGOLIDE	http://www.drugbank.ca/drugs/DB01186	8047
PERGOLIDE MESYLATE	http://www.drugbank.ca/drugs/DB01186	8048
PERPHENAZINE	http://www.drugbank.ca/drugs/DB00850	8076
PHENACETIN	http://www.drugbank.ca/drugs/DB03783	8113
PHENAZOPYRIDINE	http://www.drugbank.ca/drugs/DB01438	8120
PHENELZINE	http://www.drugbank.ca/drugs/DB00780	8123
PHENYLETHYL ALCOHOL	http://www.drugbank.ca/drugs/DB02192	8126
PHENFORMIN	http://www.drugbank.ca/drugs/DB00914	8129
PHENINDIONE	http://www.drugbank.ca/drugs/DB00498	8130
PHENOBARBITAL	http://www.drugbank.ca/drugs/DB01174	8134
OXYPHENISATIN	http://www.drugbank.ca/drugs/DB04823	8136
PHENTERMINE	http://www.drugbank.ca/drugs/DB00191	8152
PHENTOLAMINE	http://www.drugbank.ca/drugs/DB00692	8153
PHENYLALANINE	http://www.drugbank.ca/drugs/DB00120	8156
PHENYLBUTAZONE	http://www.drugbank.ca/drugs/DB00812	8160
PHENYLEPHRINE	http://www.drugbank.ca/drugs/DB00388	8163
PHENYTOIN	http://www.drugbank.ca/drugs/DB00252	8183
PHOSPHORIC ACID	http://www.drugbank.ca/drugs/DB09394	8259
PHYSOSTIGMINE	http://www.drugbank.ca/drugs/DB00981	8299
PILOCARPINE	http://www.drugbank.ca/drugs/DB01085	8328
PIMOZIDE	http://www.drugbank.ca/drugs/DB01100	8331
PIPERACILLIN	http://www.drugbank.ca/drugs/DB00319	8339
PIPERAZINE	http://www.drugbank.ca/drugs/DB00592	8340
PIPERONYL BUTOXIDE	http://www.drugbank.ca/drugs/DB09350	8345
PIPOBROMAN	http://www.drugbank.ca/drugs/DB00236	8347
PIRACETAM	http://www.drugbank.ca/drugs/DB09210	8351
PIRENZEPINE	http://www.drugbank.ca/drugs/DB00670	8352
PIROXICAM	http://www.drugbank.ca/drugs/DB00554	8356
PIVAMPICILLIN	http://www.drugbank.ca/drugs/DB01604	8372
PODOFILOX	http://www.drugbank.ca/drugs/DB01179	8463
POTASSIUM	http://www.drugbank.ca/drugs/DB01345	8588
POTASSIUM CHLORIDE	http://www.drugbank.ca/drugs/DB00761	8591
POTASSIUM IODIDE	http://www.drugbank.ca/drugs/DB06715	8597
PRAZEPAM	http://www.drugbank.ca/drugs/DB01588	8627
PRAZOSIN	http://www.drugbank.ca/drugs/DB00457	8629
PREDNISOLONE	http://www.drugbank.ca/drugs/DB00860	8638
PREDNISONE	http://www.drugbank.ca/drugs/DB00635	8640
PRIMIDONE	http://www.drugbank.ca/drugs/DB00794	8691
PROBENECID	http://www.drugbank.ca/drugs/DB01032	8698
PROBUCOL	http://www.drugbank.ca/drugs/DB01599	8699
PROCAINAMIDE	http://www.drugbank.ca/drugs/DB01035	8700
PROCAINE	http://www.drugbank.ca/drugs/DB00721	8701
PROCARBAZINE	http://www.drugbank.ca/drugs/DB01168	8702
FENOFIBRATE	http://www.drugbank.ca/drugs/DB01039	8703
PROCHLORPERAZINE	http://www.drugbank.ca/drugs/DB00433	8704
PROFLAVINE	http://www.drugbank.ca/drugs/DB01123	8723
PROGESTERONE	http://www.drugbank.ca/drugs/DB00396	8727
PROLINE	http://www.drugbank.ca/drugs/DB02853	8737
PROLINE	http://www.drugbank.ca/drugs/DB00172	8737
PROMAZINE	http://www.drugbank.ca/drugs/DB00420	8742
PROPANTHELINE	http://www.drugbank.ca/drugs/DB00782	8761
PERICIAZINE	http://www.drugbank.ca/drugs/DB01608	8766
PROPOFOL	http://www.drugbank.ca/drugs/DB00818	8782
PROPOXYPHENE	http://www.drugbank.ca/drugs/DB00647	8785
PROPOXYPHENE NAPSYLATE	http://www.drugbank.ca/drugs/DB09396	8786
PROPYLTHIOURACIL	http://www.drugbank.ca/drugs/DB00550	8794
EPOPROSTENOL	http://www.drugbank.ca/drugs/DB01240	8814
PROTRIPTYLINE	http://www.drugbank.ca/drugs/DB00344	8886
PSEUDOEPHEDRINE	http://www.drugbank.ca/drugs/DB00852	8896
PYRAZINAMIDE	http://www.drugbank.ca/drugs/DB00339	8987
PYRIDOSTIGMINE	http://www.drugbank.ca/drugs/DB00545	9000
PYRIDOXAL	http://www.drugbank.ca/drugs/DB00147	9002
PYRIDOXAL PHOSPHATE	http://www.drugbank.ca/drugs/DB00114	9004
PYRILAMINE	http://www.drugbank.ca/drugs/DB06691	9009
PYRIMETHAMINE	http://www.drugbank.ca/drugs/DB00205	9010
QUERCETIN	http://www.drugbank.ca/drugs/DB04216	9060
QUINESTROL	http://www.drugbank.ca/drugs/DB04575	9066
QUINIDINE	http://www.drugbank.ca/drugs/DB00908	9068
QUININE	http://www.drugbank.ca/drugs/DB00468	9071
RANITIDINE	http://www.drugbank.ca/drugs/DB00863	9143
RESCINNAMINE	http://www.drugbank.ca/drugs/DB01180	9259
RESERPINE	http://www.drugbank.ca/drugs/DB00206	9260
RIBAVIRIN	http://www.drugbank.ca/drugs/DB00811	9344
RIBOFLAVIN	http://www.drugbank.ca/drugs/DB00140	9346
RIFAMPIN	http://www.drugbank.ca/drugs/DB01045	9384
ROLITETRACYCLINE	http://www.drugbank.ca/drugs/DB01301	9462
ROXITHROMYCIN	http://www.drugbank.ca/drugs/DB00778	9478
RUTIN	http://www.drugbank.ca/drugs/DB01698	9500
SALICYLAMIDE	http://www.drugbank.ca/drugs/DB08797	9518
SULFASALAZINE	http://www.drugbank.ca/drugs/DB00795	9524
SALICYLIC ACID	http://www.drugbank.ca/drugs/DB00936	9525
SCOPOLAMINE	http://www.drugbank.ca/drugs/DB00747	9601
SCOPOLAMINE HYDROBROMIDE	http://www.drugbank.ca/drugs/DB00747	9603
SELEGILINE	http://www.drugbank.ca/drugs/DB01037	9639
SERINE	http://www.drugbank.ca/drugs/DB00133	9671
SILVER SULFADIAZINE	http://www.drugbank.ca/drugs/DB05245	9793
SINCALIDE	http://www.drugbank.ca/drugs/DB09142	9800
SODIUM CHLORIDE	http://www.drugbank.ca/drugs/DB09153	9863
SODIUM FLUORIDE	http://www.drugbank.ca/drugs/DB09325	9873
SODIUM NITRITE	http://www.drugbank.ca/drugs/DB09112	9894
SODIUM OXYBATE	http://www.drugbank.ca/drugs/DB09072	9899
SORBITOL	http://www.drugbank.ca/drugs/DB01638	9945
SORBITOL	http://www.drugbank.ca/drugs/DB09391	9945
SPIRONOLACTONE	http://www.drugbank.ca/drugs/DB00421	9997
STANNOUS FLUORIDE	http://www.drugbank.ca/drugs/DB11092	10030
STANOZOLOL	http://www.drugbank.ca/drugs/DB06718	10032
STREPTOMYCIN	http://www.drugbank.ca/drugs/DB01082	10109
STREPTOZOCIN	http://www.drugbank.ca/drugs/DB00428	10114
SUCCINYLCHOLINE	http://www.drugbank.ca/drugs/DB00202	10154
SUCROSE	http://www.drugbank.ca/drugs/DB02772	10159
SULBACTAM	http://www.drugbank.ca/drugs/DB09324	10167
SULFACETAMIDE	http://www.drugbank.ca/drugs/DB00634	10169
SULFADIAZINE	http://www.drugbank.ca/drugs/DB00359	10171
SULFADIMETHOXINE	http://www.drugbank.ca/drugs/DB06150	10172
SULFADOXINE	http://www.drugbank.ca/drugs/DB01299	10173
SULFALENE	http://www.drugbank.ca/drugs/DB00664	10175
SULFAMERAZINE	http://www.drugbank.ca/drugs/DB01581	10176
SULFAMETHAZINE	http://www.drugbank.ca/drugs/DB01582	10178
SULFAMETHIZOLE	http://www.drugbank.ca/drugs/DB00576	10179
SULFAMETHOXAZOLE	http://www.drugbank.ca/drugs/DB01015	10180
SULFAMOXOLE	http://www.drugbank.ca/drugs/DB08798	10183
SULFANILAMIDE	http://www.drugbank.ca/drugs/DB00259	10184
SULFAPYRIDINE	http://www.drugbank.ca/drugs/DB00891	10188
SULFATHIAZOLE	http://www.drugbank.ca/drugs/DB06147	10193
SULFISOXAZOLE	http://www.drugbank.ca/drugs/DB00263	10207
SULFUR	http://www.drugbank.ca/drugs/DB09353	10223
SULTHIAME	http://www.drugbank.ca/drugs/DB08329	10240
SURAMIN	http://www.drugbank.ca/drugs/DB04786	10256
TACRINE	http://www.drugbank.ca/drugs/DB00382	10318
TAMOXIFEN	http://www.drugbank.ca/drugs/DB00675	10324
TENIPOSIDE	http://www.drugbank.ca/drugs/DB00444	10362
TESTOLACTONE	http://www.drugbank.ca/drugs/DB00894	10378
TESTOSTERONE	http://www.drugbank.ca/drugs/DB00624	10379
TESTOSTERONE PROPIONATE	http://www.drugbank.ca/drugs/DB01420	10382
TETRACAINE	http://www.drugbank.ca/drugs/DB09085	10391
TETRACYCLINE	http://www.drugbank.ca/drugs/DB00759	10395
DRONABINOL	http://www.drugbank.ca/drugs/DB00470	10402
THEOBROMINE	http://www.drugbank.ca/drugs/DB01412	10437
THEOPHYLLINE	http://www.drugbank.ca/drugs/DB00277	10438
THIABENDAZOLE	http://www.drugbank.ca/drugs/DB00730	10450
THIAMINE	http://www.drugbank.ca/drugs/DB00152	10454
THIAMPHENICOL	http://www.drugbank.ca/drugs/DB08621	10463
THIETHYLPERAZINE	http://www.drugbank.ca/drugs/DB00372	10471
THIMEROSAL	http://www.drugbank.ca/drugs/DB02731	10472
THIOTEPA	http://www.drugbank.ca/drugs/DB04572	10473
THIOPROPERAZINE	http://www.drugbank.ca/drugs/DB01622	10498
THIOTHIXENE	http://www.drugbank.ca/drugs/DB01623	10510
THREONINE	http://www.drugbank.ca/drugs/DB00156	10524
THYMOL	http://www.drugbank.ca/drugs/DB02513	10553
MOXISYLYTE	http://www.drugbank.ca/drugs/DB09205	10561
TICARCILLIN	http://www.drugbank.ca/drugs/DB01607	10591
TICLOPIDINE	http://www.drugbank.ca/drugs/DB00208	10594
TIMOLOL	http://www.drugbank.ca/drugs/DB00373	10600
TINIDAZOLE	http://www.drugbank.ca/drugs/DB00911	10612
TOBRAMYCIN	http://www.drugbank.ca/drugs/DB00684	10627
TOLAZAMIDE	http://www.drugbank.ca/drugs/DB00839	10633
TOLAZOLINE	http://www.drugbank.ca/drugs/DB00797	10634
TOLBUTAMIDE	http://www.drugbank.ca/drugs/DB01124	10635
TOLMETIN	http://www.drugbank.ca/drugs/DB00500	10636
TOLNAFTATE	http://www.drugbank.ca/drugs/DB00525	10637
TRANEXAMIC ACID	http://www.drugbank.ca/drugs/DB00302	10691
TRAPIDIL	http://www.drugbank.ca/drugs/DB09283	10735
TRAZODONE	http://www.drugbank.ca/drugs/DB00656	10737
TRETINOIN	http://www.drugbank.ca/drugs/DB00755	10753
TRIAMCINOLONE	http://www.drugbank.ca/drugs/DB00620	10759
TRIAMTERENE	http://www.drugbank.ca/drugs/DB00384	10763
TRIAZOLAM	http://www.drugbank.ca/drugs/DB00897	10767
TRICLOSAN	http://www.drugbank.ca/drugs/DB08604	10795
TRIENTINE	http://www.drugbank.ca/drugs/DB06824	10798
TRIFLUOPERAZINE	http://www.drugbank.ca/drugs/DB00831	10800
TRIFLURIDINE	http://www.drugbank.ca/drugs/DB00432	10803
TRIFLUPROMAZINE	http://www.drugbank.ca/drugs/DB00508	10805
TRIMETAZIDINE	http://www.drugbank.ca/drugs/DB09069	10826
TRIMETHADIONE	http://www.drugbank.ca/drugs/DB00347	10827
TRIMETHOPRIM	http://www.drugbank.ca/drugs/DB00440	10829
TRIOXSALEN	http://www.drugbank.ca/drugs/DB04571	10844
TRIPELENNAMINE	http://www.drugbank.ca/drugs/DB00792	10847
TRIPROLIDINE	http://www.drugbank.ca/drugs/DB00427	10849
TROLEANDOMYCIN	http://www.drugbank.ca/drugs/DB01361	10864
TROMETHAMINE	http://www.drugbank.ca/drugs/DB03754	10865
TRYPAN BLUE	http://www.drugbank.ca/drugs/DB09158	10878
TRYPTOPHAN	http://www.drugbank.ca/drugs/DB00150	10898
TUBOCURARINE	http://www.drugbank.ca/drugs/DB01199	10917
TYRAMINE	http://www.drugbank.ca/drugs/DB08841	10958
TYROSINE	http://www.drugbank.ca/drugs/DB03839	10962
URACIL	http://www.drugbank.ca/drugs/DB03419	10995
URACIL MUSTARD	http://www.drugbank.ca/drugs/DB00791	10996
UREA	http://www.drugbank.ca/drugs/DB03904	11002
URIDINE	http://www.drugbank.ca/drugs/DB02745	11017
URSODIOL	http://www.drugbank.ca/drugs/DB01586	11065
VALINE	http://www.drugbank.ca/drugs/DB00161	11115
VALPROIC ACID	http://www.drugbank.ca/drugs/DB00313	11118
VANCOMYCIN	http://www.drugbank.ca/drugs/DB00512	11124
VIDARABINE	http://www.drugbank.ca/drugs/DB00194	11194
VINBLASTINE	http://www.drugbank.ca/drugs/DB00570	11198
VINCRISTINE	http://www.drugbank.ca/drugs/DB00541	11202
VINDESINE	http://www.drugbank.ca/drugs/DB00309	11204
WATER	http://www.drugbank.ca/drugs/DB09145	11295
LUTEIN	http://www.drugbank.ca/drugs/DB00137	11359
XYLITOL	http://www.drugbank.ca/drugs/DB01904	11377
KETOTIFEN FUMARATE	http://www.drugbank.ca/drugs/DB00920	11404
ZIDOVUDINE	http://www.drugbank.ca/drugs/DB00495	11413
ZINC	http://www.drugbank.ca/drugs/DB01593	11416
ZINC OXIDE	http://www.drugbank.ca/drugs/DB09321	11423
TILUDRONIC ACID	http://www.drugbank.ca/drugs/DB01133	11476
DOXERCALCIFEROL	http://www.drugbank.ca/drugs/DB06410	11516
DROSPIRENONE	http://www.drugbank.ca/drugs/DB01395	11636
DEFERIPRONE	http://www.drugbank.ca/drugs/DB08826	11645
ALFACALCIDOL	http://www.drugbank.ca/drugs/DB01436	12062
GEMEPROST	http://www.drugbank.ca/drugs/DB08964	12449
GEMCITABINE	http://www.drugbank.ca/drugs/DB00441	12574
TIRATRICOL	http://www.drugbank.ca/drugs/DB03604	13982
ETONOGESTREL	http://www.drugbank.ca/drugs/DB00294	14584
APRACLONIDINE	http://www.drugbank.ca/drugs/DB00964	14845
FORMESTANE	http://www.drugbank.ca/drugs/DB08905	15070
FOMEPIZOLE	http://www.drugbank.ca/drugs/DB01213	15226
DECITABINE	http://www.drugbank.ca/drugs/DB01262	15657
ACARBOSE	http://www.drugbank.ca/drugs/DB00284	16681
ACETOHYDROXAMIC ACID	http://www.drugbank.ca/drugs/DB00551	16728
ACETOPHENAZINE	http://www.drugbank.ca/drugs/DB01063	16735
ACITRETIN	http://www.drugbank.ca/drugs/DB00459	16818
MONOBENZONE	http://www.drugbank.ca/drugs/DB00600	17145
APROBARBITAL	http://www.drugbank.ca/drugs/DB01352	17381
ALVERINE	http://www.drugbank.ca/drugs/DB01616	17627
AMCINONIDE	http://www.drugbank.ca/drugs/DB00288	17652
AMINOQUINURIDE	http://www.drugbank.ca/drugs/DB04452	17747
ANILERIDINE	http://www.drugbank.ca/drugs/DB00913	17933
ANIRACETAM	http://www.drugbank.ca/drugs/DB04599	17939
ANISINDIONE	http://www.drugbank.ca/drugs/DB01125	17941
ARSENIC TRIOXIDE	http://www.drugbank.ca/drugs/DB01169	18330
ARTEMETHER	http://www.drugbank.ca/drugs/DB06697	18343
ARTESUNATE	http://www.drugbank.ca/drugs/DB09274	18346
SPARFLOXACIN	http://www.drugbank.ca/drugs/DB01208	18469
ATTAPULGITE	http://www.drugbank.ca/drugs/DB01574	18516
AZATADINE	http://www.drugbank.ca/drugs/DB00719	18600
AZELAIC ACID	http://www.drugbank.ca/drugs/DB00548	18602
AZIDOCILLIN	http://www.drugbank.ca/drugs/DB08795	18609
AZOSEMIDE	http://www.drugbank.ca/drugs/DB08961	18651
BALSALAZIDE	http://www.drugbank.ca/drugs/DB01014	18747
BENAZEPRIL	http://www.drugbank.ca/drugs/DB00542	18867
BENOXINATE	http://www.drugbank.ca/drugs/DB00892	18889
BENTIROMIDE	http://www.drugbank.ca/drugs/DB00522	18896
BENZOIC ACID	http://www.drugbank.ca/drugs/DB03793	18989
BENZOPHENONE	http://www.drugbank.ca/drugs/DB01878	18997
BENZTHIAZIDE	http://www.drugbank.ca/drugs/DB00562	19008
BENZYL BENZOATE	http://www.drugbank.ca/drugs/DB00676	19044
BISMUTH SUBSALICYLATE	http://www.drugbank.ca/drugs/DB01294	19478
PEMIROLAST	http://www.drugbank.ca/drugs/DB00885	19551
BRETYLIUM	http://www.drugbank.ca/drugs/DB01158	19685
BROMFENAC	http://www.drugbank.ca/drugs/DB00963	19737
BROMOPRIDE	http://www.drugbank.ca/drugs/DB09018	19768
BROTIZOLAM	http://www.drugbank.ca/drugs/DB09017	19790
BUTALBITAL	http://www.drugbank.ca/drugs/DB00241	19860
ACRIVASTINE	http://www.drugbank.ca/drugs/DB09488	19959
OCTANOIC ACID	http://www.drugbank.ca/drugs/DB04519	20178
CARBOPROST TROMETHAMINE	http://www.drugbank.ca/drugs/DB00429	20259
CEFAMANDOLE NAFATE	http://www.drugbank.ca/drugs/DB01326	20473
CEFEPIME	http://www.drugbank.ca/drugs/DB01413	20481
CEFORANIDE	http://www.drugbank.ca/drugs/DB00923	20486
CEFPODOXIME	http://www.drugbank.ca/drugs/DB01416	20489
CEFTIBUTEN	http://www.drugbank.ca/drugs/DB01415	20492
CETRIMONIUM	http://www.drugbank.ca/drugs/DB01718	20614
CHLORAMPHENICOL SUCCINATE	http://www.drugbank.ca/drugs/DB07565	20769
CHLOROPROCAINE	http://www.drugbank.ca/drugs/DB01161	20859
CHLOROPYRAMINE	http://www.drugbank.ca/drugs/DB08800	20861
CHLOROXINE	http://www.drugbank.ca/drugs/DB01243	20875
LORNOXICAM	http://www.drugbank.ca/drugs/DB06725	20890
OXTRIPHYLLINE	http://www.drugbank.ca/drugs/DB01303	20976
CHROMIC CHLORIDE	http://www.drugbank.ca/drugs/DB09129	21009
CICLOPIROX	http://www.drugbank.ca/drugs/DB01188	21090
CILOSTAZOL	http://www.drugbank.ca/drugs/DB01166	21107
EUCALYPTOL	http://www.drugbank.ca/drugs/DB03852	21116
CLARITHROMYCIN	http://www.drugbank.ca/drugs/DB01211	21212
CLAVULANIC ACID	http://www.drugbank.ca/drugs/DB00766	21216
CLOBAZAM	http://www.drugbank.ca/drugs/DB00349	21241
CLOBETASOL PROPIONATE	http://www.drugbank.ca/drugs/DB01013	21245
CLOCORTOLONE	http://www.drugbank.ca/drugs/DB00838	21249
CLOMOCYCLINE	http://www.drugbank.ca/drugs/DB00453	21272
CORTISONE ACETATE	http://www.drugbank.ca/drugs/DB01380	21655
CUPRIC CHLORIDE	http://www.drugbank.ca/drugs/DB09131	21833
CYCLOBENZAPRINE	http://www.drugbank.ca/drugs/DB00924	21949
CYPROTERONE ACETATE	http://www.drugbank.ca/drugs/DB04839	22054
DANTHRON	http://www.drugbank.ca/drugs/DB04816	22293
DAPIPRAZOLE	http://www.drugbank.ca/drugs/DB00298	22298
DAPTOMYCIN	http://www.drugbank.ca/drugs/DB00080	22299
DESOGESTREL	http://www.drugbank.ca/drugs/DB00304	22656
DEXBROMPHENIRAMINE	http://www.drugbank.ca/drugs/DB00405	22696
DEXPANTHENOL	http://www.drugbank.ca/drugs/DB09357	22701
DEZOCINE	http://www.drugbank.ca/drugs/DB01209	22713
DICHLORALPHENAZONE	http://www.drugbank.ca/drugs/DB01495	22892
DIENOGEST	http://www.drugbank.ca/drugs/DB09123	22968
DIFENOXIN	http://www.drugbank.ca/drugs/DB01501	23024
DIFLUPREDNATE	http://www.drugbank.ca/drugs/DB06781	23043
DIHYDROCODEINE	http://www.drugbank.ca/drugs/DB01551	23088
DILOXANIDE FUROATE	http://www.drugbank.ca/drugs/DB08792	23203
DINOPROST TROMETHAMINE	http://www.drugbank.ca/drugs/DB01160	23321
DIPHEMANIL METHYLSULFATE	http://www.drugbank.ca/drugs/DB00729	23364
DIPHENIDOL	http://www.drugbank.ca/drugs/DB01231	23370
DIPHENYLPYRALINE	http://www.drugbank.ca/drugs/DB01146	23386
DIRITHROMYCIN	http://www.drugbank.ca/drugs/DB00954	23437
DROMOSTANOLONE	http://www.drugbank.ca/drugs/DB00858	23678
DROXICAM	http://www.drugbank.ca/drugs/DB09215	23687
DYCLONINE	http://www.drugbank.ca/drugs/DB00645	23744
ETHAMIVAN	http://www.drugbank.ca/drugs/DB08989	24453
ETHANOLAMINE OLEATE	http://www.drugbank.ca/drugs/DB06689	24460
ETHINAMATE	http://www.drugbank.ca/drugs/DB01031	24474
ETHYNODIOL	http://www.drugbank.ca/drugs/DB00823	24591
ETOFENAMATE	http://www.drugbank.ca/drugs/DB08984	24608
ETOFIBRATE	http://www.drugbank.ca/drugs/DB08983	24609
FLUDARABINE	http://www.drugbank.ca/drugs/DB01073	24698
FELBAMATE	http://www.drugbank.ca/drugs/DB00949	24812
FENBUFEN	http://www.drugbank.ca/drugs/DB08981	24830
FENOFIBRIC ACID	http://www.drugbank.ca/drugs/DB01039	24852
FINASTERIDE	http://www.drugbank.ca/drugs/DB01216	25025
CEFIXIME	http://www.drugbank.ca/drugs/DB00671	25033
CEFDINIR	http://www.drugbank.ca/drugs/DB00535	25037
FLUBENDAZOLE	http://www.drugbank.ca/drugs/DB08974	25096
FLUDARABINE PHOSPHATE	http://www.drugbank.ca/drugs/DB01073	25102
FLUNISOLIDE	http://www.drugbank.ca/drugs/DB00180	25120
FLUORESCEIN	http://www.drugbank.ca/drugs/DB00693	25138
FLUPIRTINE	http://www.drugbank.ca/drugs/DB06623	25193
FLUPREDNIDENE ACETATE	http://www.drugbank.ca/drugs/DB08970	25194
FUMARIC ACID	http://www.drugbank.ca/drugs/DB01677	25389
GABAPENTIN	http://www.drugbank.ca/drugs/DB00996	25480
GADOPENTETATE DIMEGLUMINE	http://www.drugbank.ca/drugs/DB00789	25486
GALLIUM NITRATE	http://www.drugbank.ca/drugs/DB05260	25544
GENISTEIN	http://www.drugbank.ca/drugs/DB01645	25696
GESTODENE	http://www.drugbank.ca/drugs/DB06730	25734
GLIMEPIRIDE	http://www.drugbank.ca/drugs/DB00222	25789
GLIQUIDONE	http://www.drugbank.ca/drugs/DB01251	25793
GLUCONOLACTONE	http://www.drugbank.ca/drugs/DB04564	25842
GLUTAMIC ACID	http://www.drugbank.ca/drugs/DB00142	25916
GRANISETRON	http://www.drugbank.ca/drugs/DB00889	26237
HALAZEPAM	http://www.drugbank.ca/drugs/DB00801	26412
HALOPROGIN	http://www.drugbank.ca/drugs/DB00793	26422
HETACILLIN	http://www.drugbank.ca/drugs/DB00739	26797
HEXAFLUORENIUM	http://www.drugbank.ca/drugs/DB00941	26826
HEXAMIDINE	http://www.drugbank.ca/drugs/DB03808	26849
HISTAMINE PHOSPHATE	http://www.drugbank.ca/drugs/DB00667	26925
OMACETAXINE MEPESUCCINATE	http://www.drugbank.ca/drugs/DB04865	27100
LEFLUNOMIDE	http://www.drugbank.ca/drugs/DB01097	27169
ISOSORBIDE MONONITRATE	http://www.drugbank.ca/drugs/DB01020	28004
EMEDASTINE	http://www.drugbank.ca/drugs/DB01084	28144
KEBUZONE	http://www.drugbank.ca/drugs/DB08940	28198
LACIDIPINE	http://www.drugbank.ca/drugs/DB09236	28382
LAMOTRIGINE	http://www.drugbank.ca/drugs/DB00555	28439
LEVOCABASTINE	http://www.drugbank.ca/drugs/DB01106	28627
NAFARELIN	http://www.drugbank.ca/drugs/DB00666	28656
LORATADINE	http://www.drugbank.ca/drugs/DB00455	28889
LORACARBEF	http://www.drugbank.ca/drugs/DB00447	28981
LISINOPRIL	http://www.drugbank.ca/drugs/DB00722	29046
MAGALDRATE	http://www.drugbank.ca/drugs/DB08938	29151
MAGNESIUM CARBONATE	http://www.drugbank.ca/drugs/DB09481	29155
MAGNESIUM TRISILICATE	http://www.drugbank.ca/drugs/DB09281	29170
CALCIPOTRIENE	http://www.drugbank.ca/drugs/DB02300	29365
MEDRYSONE	http://www.drugbank.ca/drugs/DB00253	29439
MEGESTROL ACETATE	http://www.drugbank.ca/drugs/DB00351	29451
MEROPENEM	http://www.drugbank.ca/drugs/DB00760	29561
METHYL SALICYLATE	http://www.drugbank.ca/drugs/DB09543	29787
METHYLNALTREXONE	http://www.drugbank.ca/drugs/DB06800	29899
METOCURINE	http://www.drugbank.ca/drugs/DB01336	29950
MIGLITOL	http://www.drugbank.ca/drugs/DB00491	30009
MINAPRINE	http://www.drugbank.ca/drugs/DB00805	30031
MOCLOBEMIDE	http://www.drugbank.ca/drugs/DB01171	30121
MOEXIPRIL	http://www.drugbank.ca/drugs/DB00691	30131
MOMETASONE FUROATE	http://www.drugbank.ca/drugs/DB00764	30145
MORNIFLUMATE	http://www.drugbank.ca/drugs/DB09285	30225
MOXONIDINE	http://www.drugbank.ca/drugs/DB09242	30257
VALRUBICIN	http://www.drugbank.ca/drugs/DB00385	31435
NABUMETONE	http://www.drugbank.ca/drugs/DB00461	31448
NAFTIFINE	http://www.drugbank.ca/drugs/DB00735	31476
NANDROLONE DECANOATE	http://www.drugbank.ca/drugs/DB08804	31494
NANDROLONE PHENPROPIONATE	http://www.drugbank.ca/drugs/DB00984	31495
NEDOCROMIL	http://www.drugbank.ca/drugs/DB00716	31563
NEFAZODONE	http://www.drugbank.ca/drugs/DB01149	31565
NICORANDIL	http://www.drugbank.ca/drugs/DB09220	31748
NILUTAMIDE	http://www.drugbank.ca/drugs/DB00665	31805
NITAZOXANIDE	http://www.drugbank.ca/drugs/DB00507	31819
NITROXOLINE	http://www.drugbank.ca/drugs/DB01422	31901
TIAGABINE	http://www.drugbank.ca/drugs/DB00906	31914
NORGESTIMATE	http://www.drugbank.ca/drugs/DB00957	31994
CATHINE	http://www.drugbank.ca/drugs/DB01486	32022
OLSALAZINE	http://www.drugbank.ca/drugs/DB01250	32385
OXALIPLATIN	http://www.drugbank.ca/drugs/DB00526	32592
OXAPROZIN	http://www.drugbank.ca/drugs/DB00991	32613
OXCARBAZEPINE	http://www.drugbank.ca/drugs/DB00776	32624
OXELADIN	http://www.drugbank.ca/drugs/DB04822	32626
OXICONAZOLE	http://www.drugbank.ca/drugs/DB00239	32638
OXYBENZONE	http://www.drugbank.ca/drugs/DB01428	32673
PAROXETINE	http://www.drugbank.ca/drugs/DB00715	32937
CLOPIDOGREL	http://www.drugbank.ca/drugs/DB00758	32968
PHENACEMIDE	http://www.drugbank.ca/drugs/DB01121	33253
PHENDIMETRAZINE	http://www.drugbank.ca/drugs/DB01579	33272
PHENOL	http://www.drugbank.ca/drugs/DB03255	33290
PHENYLACETIC ACID	http://www.drugbank.ca/drugs/DB09269	33332
PHOLCODINE	http://www.drugbank.ca/drugs/DB09209	33431
FOSCARNET	http://www.drugbank.ca/drugs/DB00529	33562
PIPAMPERONE	http://www.drugbank.ca/drugs/DB09286	33739
PIPAZETHATE	http://www.drugbank.ca/drugs/DB08796	33740
PIPECURONIUM	http://www.drugbank.ca/drugs/DB01338	33742
ESTROPIPATE	http://www.drugbank.ca/drugs/DB04574	33747
PIRETANIDE	http://www.drugbank.ca/drugs/DB02925	33770
PRALIDOXIME	http://www.drugbank.ca/drugs/DB00733	34345
PRAMOXINE	http://www.drugbank.ca/drugs/DB09345	34347
PREDNICARBATE	http://www.drugbank.ca/drugs/DB01130	34369
PROGABIDE	http://www.drugbank.ca/drugs/DB00837	34568
PROPARACAINE	http://www.drugbank.ca/drugs/DB00807	34905
PYRUVIC ACID	http://www.drugbank.ca/drugs/DB11194	35161
PYRUVIC ACID	http://www.drugbank.ca/drugs/DB00119	35161
PYRVINIUM	http://www.drugbank.ca/drugs/DB06816	35163
QUAZEPAM	http://www.drugbank.ca/drugs/DB01589	35185
QUINAPRIL	http://www.drugbank.ca/drugs/DB00881	35208
RAMIPRIL	http://www.drugbank.ca/drugs/DB00178	35296
SIROLIMUS	http://www.drugbank.ca/drugs/DB00877	35302
REMOXIPRIDE	http://www.drugbank.ca/drugs/DB00409	35350
RICINOLEIC ACID	http://www.drugbank.ca/drugs/DB02955	35605
RIFAPENTINE	http://www.drugbank.ca/drugs/DB01201	35617
RIFAXIMIN	http://www.drugbank.ca/drugs/DB01220	35619
RILUZOLE	http://www.drugbank.ca/drugs/DB00740	35623
RISPERIDONE	http://www.drugbank.ca/drugs/DB00734	35636
ROPIVACAINE	http://www.drugbank.ca/drugs/DB00296	35780
ROSOXACIN	http://www.drugbank.ca/drugs/DB00817	35797
ROXATIDINE ACETATE	http://www.drugbank.ca/drugs/DB08806	35803
GANIRELIX	http://www.drugbank.ca/drugs/DB06785	35825
SALSALATE	http://www.drugbank.ca/drugs/DB01399	36108
SERTRALINE	http://www.drugbank.ca/drugs/DB01104	36437
SEVOFLURANE	http://www.drugbank.ca/drugs/DB01236	36453
SIMVASTATIN	http://www.drugbank.ca/drugs/DB00641	36567
SODIUM BICARBONATE	http://www.drugbank.ca/drugs/DB01390	36676
SODIUM SULFATE	http://www.drugbank.ca/drugs/DB09476	36721
SODIUM THIOSULFATE	http://www.drugbank.ca/drugs/DB09499	36726
SPIRAPRIL	http://www.drugbank.ca/drugs/DB01348	36908
SUCCINIC ACID	http://www.drugbank.ca/drugs/DB00139	37255
SUMATRIPTAN	http://www.drugbank.ca/drugs/DB00669	37418
TARTARIC ACID	http://www.drugbank.ca/drugs/DB09459	37578
TAZOBACTAM	http://www.drugbank.ca/drugs/DB01606	37617
TEMOZOLOMIDE	http://www.drugbank.ca/drugs/DB00853	37776
TENOXICAM	http://www.drugbank.ca/drugs/DB00469	37790
TERBINAFINE	http://www.drugbank.ca/drugs/DB00857	37801
ORLISTAT	http://www.drugbank.ca/drugs/DB01083	37925
TITANIUM DIOXIDE	http://www.drugbank.ca/drugs/DB09536	38323
TOLFENAMIC ACID	http://www.drugbank.ca/drugs/DB09216	38377
TOLRESTAT	http://www.drugbank.ca/drugs/DB02383	38386
ATOMOXETINE	http://www.drugbank.ca/drugs/DB00289	38400
TOPIRAMATE	http://www.drugbank.ca/drugs/DB00273	38404
TOREMIFENE	http://www.drugbank.ca/drugs/DB00539	38409
TORSEMIDE	http://www.drugbank.ca/drugs/DB00214	38413
TRANDOLAPRIL	http://www.drugbank.ca/drugs/DB00519	38454
TRIFLUSAL	http://www.drugbank.ca/drugs/DB08814	38655
TRILOSTANE	http://www.drugbank.ca/drugs/DB01108	38668
TRIMETHOBENZAMIDE	http://www.drugbank.ca/drugs/DB00662	38685
VINORELBINE	http://www.drugbank.ca/drugs/DB00361	39541
XYLOMETAZOLINE	http://www.drugbank.ca/drugs/DB06694	39841
ZOLPIDEM	http://www.drugbank.ca/drugs/DB00425	39993
ZOMEPIRAC	http://www.drugbank.ca/drugs/DB04828	39994
ZONISAMIDE	http://www.drugbank.ca/drugs/DB00909	39998
ZOTEPINE	http://www.drugbank.ca/drugs/DB09225	40003
CARBOPLATIN	http://www.drugbank.ca/drugs/DB00958	40048
GUANFACINE	http://www.drugbank.ca/drugs/DB01018	40114
MORICIZINE	http://www.drugbank.ca/drugs/DB00680	40169
PIDOTIMOD	http://www.drugbank.ca/drugs/DB11364	40450
FLUTICASONE	http://www.drugbank.ca/drugs/DB00588	41126
GADODIAMIDE	http://www.drugbank.ca/drugs/DB00225	41144
HALOBETASOL	http://www.drugbank.ca/drugs/DB00596	41208
MELOXICAM	http://www.drugbank.ca/drugs/DB00814	41493
SERTINDOLE	http://www.drugbank.ca/drugs/DB06144	41996
TACROLIMUS	http://www.drugbank.ca/drugs/DB00864	42316
NIZATIDINE	http://www.drugbank.ca/drugs/DB00585	42319
FLEROXACIN	http://www.drugbank.ca/drugs/DB04576	42322
ASTEMIZOLE	http://www.drugbank.ca/drugs/DB00637	42328
TRIMETREXATE	http://www.drugbank.ca/drugs/DB01157	42333
FLUVOXAMINE	http://www.drugbank.ca/drugs/DB00176	42355
MUPIROCIN	http://www.drugbank.ca/drugs/DB00410	42372
LEUPROLIDE	http://www.drugbank.ca/drugs/DB00007	42375
PRAVASTATIN	http://www.drugbank.ca/drugs/DB00175	42463
CROMOLYN	http://www.drugbank.ca/drugs/DB01003	42612
DEXRAZOXANE	http://www.drugbank.ca/drugs/DB00380	42736
LEVOCARNITINE	http://www.drugbank.ca/drugs/DB00583	42955
LATANOPROST	http://www.drugbank.ca/drugs/DB00654	43611
CLOFARABINE	http://www.drugbank.ca/drugs/DB00631	44151
CLADRIBINE	http://www.drugbank.ca/drugs/DB00242	44157
AVOBENZONE	http://www.drugbank.ca/drugs/DB09495	45045
HALOBETASOL PROPIONATE	http://www.drugbank.ca/drugs/DB00596	45318
AMLEXANOX	http://www.drugbank.ca/drugs/DB01025	46307
BARBEXACLONE	http://www.drugbank.ca/drugs/DB09001	46795
BISMUTH SUBCITRATE	http://www.drugbank.ca/drugs/DB09275	47181
BUTENAFINE	http://www.drugbank.ca/drugs/DB01091	47461
CABERGOLINE	http://www.drugbank.ca/drugs/DB00248	47579
DEXMEDETOMIDINE	http://www.drugbank.ca/drugs/DB00633	48937
DOFETILIDE	http://www.drugbank.ca/drugs/DB00204	49247
ENOXIMONE	http://www.drugbank.ca/drugs/DB04880	49626
FLUTICASONE PROPIONATE	http://www.drugbank.ca/drugs/DB00588	50121
FOSINOPRIL	http://www.drugbank.ca/drugs/DB00492	50166
GOSERELIN	http://www.drugbank.ca/drugs/DB00014	50610
GUANIDINE	http://www.drugbank.ca/drugs/DB00536	50675
HISTRELIN	http://www.drugbank.ca/drugs/DB06788	50975
QUETIAPINE	http://www.drugbank.ca/drugs/DB01224	51272
IDEBENONE	http://www.drugbank.ca/drugs/DB09081	51296
IRINOTECAN	http://www.drugbank.ca/drugs/DB00762	51499
LINOLENIC ACID	http://www.drugbank.ca/drugs/DB00132	52071
LODOXAMIDE	http://www.drugbank.ca/drugs/DB06794	52151
LOSARTAN	http://www.drugbank.ca/drugs/DB00678	52175
MAGNESIUM SALICYLATE	http://www.drugbank.ca/drugs/DB01397	52364
MESALAMINE	http://www.drugbank.ca/drugs/DB00244	52582
MILRINONE	http://www.drugbank.ca/drugs/DB00235	52769
NEVIRAPINE	http://www.drugbank.ca/drugs/DB00238	53654
NIMESULIDE	http://www.drugbank.ca/drugs/DB04743	53694
PERINDOPRIL	http://www.drugbank.ca/drugs/DB00790	54552
DEXCHLORPHENIRAMINE MALEATE	http://www.drugbank.ca/drugs/DB09555	54828
POTASSIUM CITRATE	http://www.drugbank.ca/drugs/DB09125	54993
RIFABUTIN	http://www.drugbank.ca/drugs/DB00615	55672
RIMEXOLONE	http://www.drugbank.ca/drugs/DB00896	55681
RISEDRONIC ACID	http://www.drugbank.ca/drugs/DB00884	55685
SODIUM ACETATE	http://www.drugbank.ca/drugs/DB09395	56443
SODIUM GLUCONATE	http://www.drugbank.ca/drugs/DB09408	56476
SODIUM MONOFLUOROPHOSPHATE	http://www.drugbank.ca/drugs/DB09484	56501
SUFENTANIL	http://www.drugbank.ca/drugs/DB00708	56795
PACLITAXEL	http://www.drugbank.ca/drugs/DB01229	56946
TIXOCORTOL	http://www.drugbank.ca/drugs/DB09091	57257
TIZANIDINE	http://www.drugbank.ca/drugs/DB00697	57258
TOPOTECAN	http://www.drugbank.ca/drugs/DB01030	57308
TRANILAST	http://www.drugbank.ca/drugs/DB07615	57330
STAVUDINE	http://www.drugbank.ca/drugs/DB00649	59763
PENCICLOVIR	http://www.drugbank.ca/drugs/DB00299	59839
IMIQUIMOD	http://www.drugbank.ca/drugs/DB00724	59943
DORZOLAMIDE	http://www.drugbank.ca/drugs/DB00869	60207
ATOVAQUONE	http://www.drugbank.ca/drugs/DB01117	60212
ADAPALENE	http://www.drugbank.ca/drugs/DB00210	60223
ENTACAPONE	http://www.drugbank.ca/drugs/DB00494	60307
EXENATIDE	http://www.drugbank.ca/drugs/DB01276	60548
OLANZAPINE	http://www.drugbank.ca/drugs/DB00334	61381
ARBUTAMINE	http://www.drugbank.ca/drugs/DB01102	61609
CLOSTEBOL	http://www.drugbank.ca/drugs/DB01521	61686
NITISINONE	http://www.drugbank.ca/drugs/DB00348	61805
DESERPIDINE	http://www.drugbank.ca/drugs/DB01089	62174
SUMATRIPTAN SUCCINATE	http://www.drugbank.ca/drugs/DB00669	67158
DILOXANIDE	http://www.drugbank.ca/drugs/DB08792	67182
DOLASETRON	http://www.drugbank.ca/drugs/DB00757	68091
FAMCICLOVIR	http://www.drugbank.ca/drugs/DB00426	68099
ROCURONIUM	http://www.drugbank.ca/drugs/DB00728	68139
CETRORELIX	http://www.drugbank.ca/drugs/DB00050	68147
MYCOPHENOLATE MOFETIL	http://www.drugbank.ca/drugs/DB00688	68149
LAMIVUDINE	http://www.drugbank.ca/drugs/DB00709	68244
PEMETREXED	http://www.drugbank.ca/drugs/DB00642	68446
RUFINAMIDE	http://www.drugbank.ca/drugs/DB06201	69036
TIOTROPIUM	http://www.drugbank.ca/drugs/DB01409	69120
ZANAMIVIR	http://www.drugbank.ca/drugs/DB00558	69722
VALSARTAN	http://www.drugbank.ca/drugs/DB00177	69749
COLFOSCERIL PALMITATE	http://www.drugbank.ca/drugs/DB09114	69782
PALONOSETRON	http://www.drugbank.ca/drugs/DB00377	70561
VECURONIUM	http://www.drugbank.ca/drugs/DB01339	71535
RALOXIFENE	http://www.drugbank.ca/drugs/DB00481	72143
FOSPHENYTOIN	http://www.drugbank.ca/drugs/DB01320	72236
ROPINIROLE	http://www.drugbank.ca/drugs/DB00268	72302
CEFDITOREN PIVOXIL	http://www.drugbank.ca/drugs/DB01066	72611
DULOXETINE	http://www.drugbank.ca/drugs/DB00476	72625
TOLCAPONE	http://www.drugbank.ca/drugs/DB00323	72937
DOCETAXEL	http://www.drugbank.ca/drugs/DB01248	72962
LETROZOLE	http://www.drugbank.ca/drugs/DB01006	72965
REMIFENTANIL	http://www.drugbank.ca/drugs/DB00899	73032
REPAGLINIDE	http://www.drugbank.ca/drugs/DB00912	73044
LEVOSIMENDAN	http://www.drugbank.ca/drugs/DB00922	73107
TIROFIBAN	http://www.drugbank.ca/drugs/DB00775	73137
ILOPERIDONE	http://www.drugbank.ca/drugs/DB04946	73178
TELMISARTAN	http://www.drugbank.ca/drugs/DB00966	73494
VALACYCLOVIR	http://www.drugbank.ca/drugs/DB00577	73645
FEBUXOSTAT	http://www.drugbank.ca/drugs/DB04854	73689
PARICALCITOL	http://www.drugbank.ca/drugs/DB00910	73710
ZALEPLON	http://www.drugbank.ca/drugs/DB00962	74667
BOSENTAN	http://www.drugbank.ca/drugs/DB00559	75207
EPTIFIBATIDE	http://www.drugbank.ca/drugs/DB00063	75635
TAMSULOSIN	http://www.drugbank.ca/drugs/DB00706	77492
SULFACYTINE	http://www.drugbank.ca/drugs/DB01298	78902
ALITRETINOIN	http://www.drugbank.ca/drugs/DB00523	81864
LEVOFLOXACIN	http://www.drugbank.ca/drugs/DB01137	82122
ACAMPROSATE	http://www.drugbank.ca/drugs/DB00659	82819
CIDOFOVIR	http://www.drugbank.ca/drugs/DB00369	83171
MIBEFRADIL	http://www.drugbank.ca/drugs/DB01388	83213
ATORVASTATIN	http://www.drugbank.ca/drugs/DB01076	83367
SAQUINAVIR	http://www.drugbank.ca/drugs/DB01232	83395
EPROSARTAN	http://www.drugbank.ca/drugs/DB00876	83515
CEFDITOREN	http://www.drugbank.ca/drugs/DB01066	83682
DELAVIRDINE	http://www.drugbank.ca/drugs/DB00705	83816
IRBESARTAN	http://www.drugbank.ca/drugs/DB01029	83818
TAZAROTENE	http://www.drugbank.ca/drugs/DB00799	83947
ANASTROZOLE	http://www.drugbank.ca/drugs/DB01217	84857
ALOSETRON	http://www.drugbank.ca/drugs/DB00969	85248
RITONAVIR	http://www.drugbank.ca/drugs/DB00503	85762
RIZATRIPTAN	http://www.drugbank.ca/drugs/DB00953	88014
MONTELUKAST	http://www.drugbank.ca/drugs/DB00471	88249
ARIPIPRAZOLE	http://www.drugbank.ca/drugs/DB01238	89013
ECHOTHIOPHATE	http://www.drugbank.ca/drugs/DB01057	89778
ISOPROPAMIDE	http://www.drugbank.ca/drugs/DB01625	89784
CHLORAL BETAINE	http://www.drugbank.ca/drugs/DB01494	89808
IRON	http://www.drugbank.ca/drugs/DB01592	90176
NAFTIFINE HYDROCHLORIDE	http://www.drugbank.ca/drugs/DB00735	91293
DIFLORASONE	http://www.drugbank.ca/drugs/DB00223	91311
GLIBORNURIDE	http://www.drugbank.ca/drugs/DB08962	102846
GLYMIDINE	http://www.drugbank.ca/drugs/DB01382	102848
NALTREXONE HYDROCHLORIDE	http://www.drugbank.ca/drugs/DB05302	105069
DEMECARIUM	http://www.drugbank.ca/drugs/DB00944	107771
ALCLOMETASONE	http://www.drugbank.ca/drugs/DB00240	108088
MOMETASONE	http://www.drugbank.ca/drugs/DB00764	108118
PREGNENOLONE	http://www.drugbank.ca/drugs/DB02789	114052
ZUCLOPENTHIXOL	http://www.drugbank.ca/drugs/DB01624	114176
INDINAVIR	http://www.drugbank.ca/drugs/DB00224	114289
LEVETIRACETAM	http://www.drugbank.ca/drugs/DB01202	114477
ZAFIRLUKAST	http://www.drugbank.ca/drugs/DB00549	114970
IBANDRONIC ACID	http://www.drugbank.ca/drugs/DB00710	115265
TROVAFLOXACIN	http://www.drugbank.ca/drugs/DB00685	115552
ZIPRASIDONE	http://www.drugbank.ca/drugs/DB00246	115698
TENOFOVIR	http://www.drugbank.ca/drugs/DB00300	117466
TOLTERODINE	http://www.drugbank.ca/drugs/DB01036	119565
DORIPENEM	http://www.drugbank.ca/drugs/DB06211	119771
VORICONAZOLE	http://www.drugbank.ca/drugs/DB00582	121243
ACETYLDIGITOXIN	http://www.drugbank.ca/drugs/DB00511	132871
LEVONORDEFRIN	http://www.drugbank.ca/drugs/DB06707	132889
NELFINAVIR	http://www.drugbank.ca/drugs/DB05251	134527
BENDAMUSTINE	http://www.drugbank.ca/drugs/DB06769	134547
BRIMONIDINE	http://www.drugbank.ca/drugs/DB00484	134615
RASAGILINE	http://www.drugbank.ca/drugs/DB01367	134748
OLOPATADINE	http://www.drugbank.ca/drugs/DB00768	135391
ZOLMITRIPTAN	http://www.drugbank.ca/drugs/DB00315	135775
DARIFENACIN	http://www.drugbank.ca/drugs/DB00496	136198
SILDENAFIL	http://www.drugbank.ca/drugs/DB00203	136411
CISATRACURIUM BESYLATE	http://www.drugbank.ca/drugs/DB00565	136561
MOXIFLOXACIN	http://www.drugbank.ca/drugs/DB00218	139462
TEGASEROD	http://www.drugbank.ca/drugs/DB01079	139778
CELECOXIB	http://www.drugbank.ca/drugs/DB00482	140587
NARATRIPTAN	http://www.drugbank.ca/drugs/DB00952	141366
ADEFOVIR DIPIVOXIL	http://www.drugbank.ca/drugs/DB00718	141400
ALATROFLOXACIN	http://www.drugbank.ca/drugs/DB09335	141440
EVEROLIMUS	http://www.drugbank.ca/drugs/DB01590	141704
HISTAMINE DIHYDROCHLORIDE	http://www.drugbank.ca/drugs/DB05891	142136
MOMETASONE FUROATE MONOHYDRATE	http://www.drugbank.ca/drugs/DB00764	153374
HYOSCYAMINE	http://www.drugbank.ca/drugs/DB00424	153970
DICHLOROACETIC ACID	http://www.drugbank.ca/drugs/DB08809	155021
MECHLORETHAMINE HYDROCHLORIDE	http://www.drugbank.ca/drugs/DB00888	155036
PHENOLPHTHALEIN	http://www.drugbank.ca/drugs/DB04824	155122
LEVOMEPROMAZINE MALEATE	http://www.drugbank.ca/drugs/DB01403	160372
RIVASTIGMINE	http://www.drugbank.ca/drugs/DB00989	183379
FOMINOBEN	http://www.drugbank.ca/drugs/DB08968	183875
PREGABALIN	http://www.drugbank.ca/drugs/DB00230	187832
LINEZOLID	http://www.drugbank.ca/drugs/DB00601	190376
FLUCLORONIDE	http://www.drugbank.ca/drugs/DB08973	190410
ABACAVIR	http://www.drugbank.ca/drugs/DB01048	190521
TIPRANAVIR	http://www.drugbank.ca/drugs/DB00932	190548
CAPECITABINE	http://www.drugbank.ca/drugs/DB01101	194000
VORINOSTAT	http://www.drugbank.ca/drugs/DB02546	194337
BRINZOLAMIDE	http://www.drugbank.ca/drugs/DB01194	194881
EFAVIRENZ	http://www.drugbank.ca/drugs/DB00625	195085
LOPINAVIR	http://www.drugbank.ca/drugs/DB01601	195088
RALTITREXED	http://www.drugbank.ca/drugs/DB00293	196239
AMINOHIPPURATE SODIUM	http://www.drugbank.ca/drugs/DB00345	203194
METOCURINE IODIDE	http://www.drugbank.ca/drugs/DB00416	203206
CALCIUM ACETATE	http://www.drugbank.ca/drugs/DB00258	214342
CANDESARTAN	http://www.drugbank.ca/drugs/DB00796	214354
SODIUM PHENYLBUTYRATE	http://www.drugbank.ca/drugs/DB06819	214837
YOHIMBINE	http://www.drugbank.ca/drugs/DB01392	220982
CITRIC ACID MONOHYDRATE	http://www.drugbank.ca/drugs/DB04272	221079
CYSTEINE HYDROCHLORIDE	http://www.drugbank.ca/drugs/DB09485	221086
EMEDASTINE DIFUMARATE	http://www.drugbank.ca/drugs/DB01084	221094
QUETIAPINE FUMARATE	http://www.drugbank.ca/drugs/DB01224	221153
THONZONIUM BROMIDE	http://www.drugbank.ca/drugs/DB09552	221171
MASOPROCOL	http://www.drugbank.ca/drugs/DB05900	227239
MASOPROCOL	http://www.drugbank.ca/drugs/DB00179	227239
PHENTOLAMINE MESYLATE	http://www.drugbank.ca/drugs/DB00692	227240
RAPACURONIUM BROMIDE	http://www.drugbank.ca/drugs/DB04834	228530
AMPRENAVIR	http://www.drugbank.ca/drugs/DB00701	228656
FROVATRIPTAN	http://www.drugbank.ca/drugs/DB00998	228783
DUTASTERIDE	http://www.drugbank.ca/drugs/DB01126	228790
GADOVERSETAMIDE	http://www.drugbank.ca/drugs/DB00538	228833
QUINUPRISTIN	http://www.drugbank.ca/drugs/DB01369	229367
DALFOPRISTIN	http://www.drugbank.ca/drugs/DB01764	229369
ELETRIPTAN	http://www.drugbank.ca/drugs/DB00216	231049
ROFECOXIB	http://www.drugbank.ca/drugs/DB00533	232158
BEXAROTENE	http://www.drugbank.ca/drugs/DB00307	233272
DRONEDARONE	http://www.drugbank.ca/drugs/DB04855	233698
METHAPYRILENE HYDROCHLORIDE	http://www.drugbank.ca/drugs/DB04819	235721
ALENDRONIC ACID	http://www.drugbank.ca/drugs/DB00630	236083
LEVOMENTHOL	http://www.drugbank.ca/drugs/DB00825	236388
TROSPIUM	http://www.drugbank.ca/drugs/DB00209	236778
MANGAFODIPIR	http://www.drugbank.ca/drugs/DB06796	236987
LOTEPREDNOL	http://www.drugbank.ca/drugs/DB00873	237027
RIZATRIPTAN BENZOATE	http://www.drugbank.ca/drugs/DB00953	237082
LEVALBUTEROL	http://www.drugbank.ca/drugs/DB01001	237159
DEXKETOPROFEN	http://www.drugbank.ca/drugs/DB09214	237162
EXEMESTANE	http://www.drugbank.ca/drugs/DB00990	258494
LEVOBUPIVACAINE	http://www.drugbank.ca/drugs/DB01002	259453
OSELTAMIVIR	http://www.drugbank.ca/drugs/DB00198	260101
SODIUM FERRIC GLUCONATE COMPLEX	http://www.drugbank.ca/drugs/DB09517	261435
RAPACURONIUM	http://www.drugbank.ca/drugs/DB04834	262100
FELBINAC	http://www.drugbank.ca/drugs/DB07477	262307
METYROSINE	http://www.drugbank.ca/drugs/DB00765	266604
SODIUM ASCORBATE	http://www.drugbank.ca/drugs/DB09541	267366
NATEGLINIDE	http://www.drugbank.ca/drugs/DB00731	274332
NELARABINE	http://www.drugbank.ca/drugs/DB01280	274771
INSULIN GLARGINE	http://www.drugbank.ca/drugs/DB00047	274783
TELITHROMYCIN	http://www.drugbank.ca/drugs/DB00976	274786
CICLESONIDE	http://www.drugbank.ca/drugs/DB01410	274964
DESLORATADINE	http://www.drugbank.ca/drugs/DB00967	275635
EMTRICITABINE	http://www.drugbank.ca/drugs/DB00879	276237
VALDECOXIB	http://www.drugbank.ca/drugs/DB00580	278567
ALMOTRIPTAN	http://www.drugbank.ca/drugs/DB00918	279645
PARECOXIB	http://www.drugbank.ca/drugs/DB08439	279950
IMATINIB	http://www.drugbank.ca/drugs/DB00619	282388
POSACONAZOLE	http://www.drugbank.ca/drugs/DB01263	282446
ESOMEPRAZOLE	http://www.drugbank.ca/drugs/DB00736	283742
PERFLUTREN	http://www.drugbank.ca/drugs/DB00556	283753
TRAVOPROST	http://www.drugbank.ca/drugs/DB00287	283809
BIMATOPROST	http://www.drugbank.ca/drugs/DB00905	283810
NEPAFENAC	http://www.drugbank.ca/drugs/DB06802	298665
EPLERENONE	http://www.drugbank.ca/drugs/DB00700	298869
ROSUVASTATIN	http://www.drugbank.ca/drugs/DB01098	301542
ABARELIX	http://www.drugbank.ca/drugs/DB00106	301739
CONIVAPTAN	http://www.drugbank.ca/drugs/DB00872	302285
ARFORMOTEROL	http://www.drugbank.ca/drugs/DB01274	304962
ENTECAVIR	http://www.drugbank.ca/drugs/DB00442	306266
VARDENAFIL	http://www.drugbank.ca/drugs/DB00862	306674
ETORICOXIB	http://www.drugbank.ca/drugs/DB01628	307296
SODIUM PHOSPHATE, DIBASIC, ANHYDROUS	http://www.drugbank.ca/drugs/DB09127	314838
SODIUM PHOSPHATE, DIBASIC, ANHYDROUS	http://www.drugbank.ca/drugs/DB09524	314838
SODIUM PHOSPHATE, DIBASIC, ANHYDROUS	http://www.drugbank.ca/drugs/DB09542	314838
MAGNESIUM ACETATE TETRAHYDRATE	http://www.drugbank.ca/drugs/DB09409	317246
OLMESARTAN	http://www.drugbank.ca/drugs/DB00275	321064
PIMECROLIMUS	http://www.drugbank.ca/drugs/DB00337	321952
ESCITALOPRAM	http://www.drugbank.ca/drugs/DB01175	321988
FONDAPARINUX SODIUM	http://www.drugbank.ca/drugs/DB00569	322154
SOLIFENACIN	http://www.drugbank.ca/drugs/DB01591	322167
FROVATRIPTAN SUCCINATE	http://www.drugbank.ca/drugs/DB00998	322249
ERTAPENEM	http://www.drugbank.ca/drugs/DB00303	325642
ALISKIREN	http://www.drugbank.ca/drugs/DB09026	325646
MICAFUNGIN	http://www.drugbank.ca/drugs/DB01141	325887
NORELGESTROMIN	http://www.drugbank.ca/drugs/DB06713	326374
GEFITINIB	http://www.drugbank.ca/drugs/DB00317	328134
IXABEPILONE	http://www.drugbank.ca/drugs/DB04845	337523
ERLOTINIB	http://www.drugbank.ca/drugs/DB00530	337525
TEGASEROD MALEATE	http://www.drugbank.ca/drugs/DB01079	339270
ANIDULAFUNGIN	http://www.drugbank.ca/drugs/DB00362	341018
EZETIMIBE	http://www.drugbank.ca/drugs/DB00973	341248
ATAZANAVIR	http://www.drugbank.ca/drugs/DB01072	343047
TREPROSTINIL	http://www.drugbank.ca/drugs/DB00374	343048
ANHYDROUS DEXTROSE	http://www.drugbank.ca/drugs/DB11280	349730
SODIUM PHOSPHATE, MONOBASIC, ANHYDROUS	http://www.drugbank.ca/drugs/DB09469	349753
DEXMETHYLPHENIDATE	http://www.drugbank.ca/drugs/DB06701	352372
LEVOBETAXOLOL	http://www.drugbank.ca/drugs/DB09351	353497
LEVOCETIRIZINE	http://www.drugbank.ca/drugs/DB06282	356887
SUNITINIB	http://www.drugbank.ca/drugs/DB01268	357977
APREPITANT	http://www.drugbank.ca/drugs/DB00673	358255
BORTEZOMIB	http://www.drugbank.ca/drugs/DB00188	358258
FOSAMPRENAVIR	http://www.drugbank.ca/drugs/DB01319	358262
TADALAFIL	http://www.drugbank.ca/drugs/DB00820	358263
AMBRISENTAN	http://www.drugbank.ca/drugs/DB06403	358274
TIGECYCLINE	http://www.drugbank.ca/drugs/DB00560	384455
CARGLUMIC ACID	http://www.drugbank.ca/drugs/DB06775	401713
MIGLUSTAT	http://www.drugbank.ca/drugs/DB00419	402316
CINACALCET	http://www.drugbank.ca/drugs/DB01012	407990
AMBROXOL HYDROCHLORIDE	http://www.drugbank.ca/drugs/DB06742	438399
DARUNAVIR	http://www.drugbank.ca/drugs/DB01264	460132
ESZOPICLONE	http://www.drugbank.ca/drugs/DB00402	461016
FIROCOXIB	http://www.drugbank.ca/drugs/DB09217	473298
TELAVANCIN	http://www.drugbank.ca/drugs/DB06402	473837
TELBIVUDINE	http://www.drugbank.ca/drugs/DB01265	474128
DEGARELIX	http://www.drugbank.ca/drugs/DB06699	475230
DASATINIB	http://www.drugbank.ca/drugs/DB01254	475342
ETRAVIRINE	http://www.drugbank.ca/drugs/DB07191	475969
LAPATINIB	http://www.drugbank.ca/drugs/DB01259	480167
ALVIMOPAN	http://www.drugbank.ca/drugs/DB06274	480639
LAPATINIB DITOSYLATE	http://www.drugbank.ca/drugs/DB01259	481474
SORAFENIB	http://www.drugbank.ca/drugs/DB00398	495881
GLYCOLIC ACID	http://www.drugbank.ca/drugs/DB03085	587318
VARENICLINE	http://www.drugbank.ca/drugs/DB01273	591622
SITAGLIPTIN	http://www.drugbank.ca/drugs/DB01261	593411
DOCOSANOL	http://www.drugbank.ca/drugs/DB00632	594680
RAMELTEON	http://www.drugbank.ca/drugs/DB00980	596205
VILDAGLIPTIN	http://www.drugbank.ca/drugs/DB04876	596554
ANAGRELIDE	http://www.drugbank.ca/drugs/DB00261	596724
DEFERASIROX	http://www.drugbank.ca/drugs/DB01609	614373
ROTIGOTINE	http://www.drugbank.ca/drugs/DB05271	616739
PERAMIVIR	http://www.drugbank.ca/drugs/DB06614	619693
MARAVIROC	http://www.drugbank.ca/drugs/DB04835	620216
SITAGLIPTIN PHOSPHATE	http://www.drugbank.ca/drugs/DB01261	621590
LUBIPROSTONE	http://www.drugbank.ca/drugs/DB01046	623033
LACOSAMIDE	http://www.drugbank.ca/drugs/DB06218	623400
REGADENOSON	http://www.drugbank.ca/drugs/DB06213	640062
ARMODAFINIL	http://www.drugbank.ca/drugs/DB06413	641465
RETAPAMULIN	http://www.drugbank.ca/drugs/DB01256	642274
TEMSIROLIMUS	http://www.drugbank.ca/drugs/DB06287	657797
NILOTINIB	http://www.drugbank.ca/drugs/DB04868	662281
LISDEXAMFETAMINE DIMESYLATE	http://www.drugbank.ca/drugs/DB01255	673579
PYRIDOXINE	http://www.drugbank.ca/drugs/DB00165	684879
LISDEXAMFETAMINE	http://www.drugbank.ca/drugs/DB01255	700810
FLUTICASONE FUROATE	http://www.drugbank.ca/drugs/DB08906	705022
ELTROMBOPAG	http://www.drugbank.ca/drugs/DB06210	711942
PAZOPANIB	http://www.drugbank.ca/drugs/DB06589	714438
RALTEGRAVIR	http://www.drugbank.ca/drugs/DB06817	719872
SILODOSIN	http://www.drugbank.ca/drugs/DB06207	720825
PLERIXAFOR	http://www.drugbank.ca/drugs/DB06809	733003
PRAMIPEXOLE	http://www.drugbank.ca/drugs/DB00413	746741
SAPROPTERIN	http://www.drugbank.ca/drugs/DB00360	753340
TAPENTADOL	http://www.drugbank.ca/drugs/DB06204	787390
FESOTERODINE	http://www.drugbank.ca/drugs/DB06702	797195
ISOPROPYL ALCOHOL	http://www.drugbank.ca/drugs/DB02325	797541
DEXLANSOPRAZOLE	http://www.drugbank.ca/drugs/DB05351	816346
BESIFLOXACIN	http://www.drugbank.ca/drugs/DB06771	819911
FOSPROPOFOL	http://www.drugbank.ca/drugs/DB06716	828682
SAQUINAVIR MESYLATE	http://www.drugbank.ca/drugs/DB01232	859857
PITAVASTATIN	http://www.drugbank.ca/drugs/DB08860	861634
BEPOTASTINE	http://www.drugbank.ca/drugs/DB04890	863035
TELAVANCIN HYDROCHLORIDE	http://www.drugbank.ca/drugs/DB06402	864624
ROMIDEPSIN	http://www.drugbank.ca/drugs/DB06176	877510
MALACHITE GREEN	http://www.drugbank.ca/drugs/DB03895	896038
DALFAMPRIDINE	http://www.drugbank.ca/drugs/DB06637	897018
HEPTANOIC ACID	http://www.drugbank.ca/drugs/DB02938	991260
CABAZITAXEL	http://www.drugbank.ca/drugs/DB06772	996051
ALCAFTADINE	http://www.drugbank.ca/drugs/DB06766	1000082
MEDROXYPROGESTERONE ACETATE	http://www.drugbank.ca/drugs/DB00603	1000112
RESVERATROL	http://www.drugbank.ca/drugs/DB02709	1000492
ULIPRISTAL ACETATE	http://www.drugbank.ca/drugs/DB05366	1005920
ULIPRISTAL	http://www.drugbank.ca/drugs/DB08867	1005921
DOCONEXENT	http://www.drugbank.ca/drugs/DB01708	1006469
OXIBENDAZOLE	http://www.drugbank.ca/drugs/DB04910	1009342
FINGOLIMOD	http://www.drugbank.ca/drugs/DB08868	1012892
LEVOMEFOLIC ACID	http://www.drugbank.ca/drugs/DB04789	1025342
DABIGATRAN ETEXILATE	http://www.drugbank.ca/drugs/DB06695	1037042
CEFTAROLINE FOSAMIL	http://www.drugbank.ca/drugs/DB06590	1040004
CEFTAROLINE	http://www.drugbank.ca/drugs/DB06590	1040005
LURASIDONE	http://www.drugbank.ca/drugs/DB08815	1040028
ELLAGIC ACID	http://www.drugbank.ca/drugs/DB08468	1043181
ERIBULIN MESYLATE	http://www.drugbank.ca/drugs/DB08871	1045452
ERIBULIN	http://www.drugbank.ca/drugs/DB08871	1045453
VILAZODONE	http://www.drugbank.ca/drugs/DB06684	1086769
AZILSARTAN MEDOXOMIL	http://www.drugbank.ca/drugs/DB08822	1091642
AZILSARTAN	http://www.drugbank.ca/drugs/DB08822	1091643
ROFLUMILAST	http://www.drugbank.ca/drugs/DB01656	1091836
VANDETANIB	http://www.drugbank.ca/drugs/DB05294	1098413
ABIRATERONE	http://www.drugbank.ca/drugs/DB05812	1100072
LINAGLIPTIN	http://www.drugbank.ca/drugs/DB08882	1100699
TELAPREVIR	http://www.drugbank.ca/drugs/DB05521	1102261
RILPIVIRINE	http://www.drugbank.ca/drugs/DB08592	1102270
FIDAXOMICIN	http://www.drugbank.ca/drugs/DB08874	1111103
EZOGABINE	http://www.drugbank.ca/drugs/DB04953	1112990
RIVAROXABAN	http://www.drugbank.ca/drugs/DB06228	1114195
INDACATEROL	http://www.drugbank.ca/drugs/DB05039	1114326
TICAGRELOR	http://www.drugbank.ca/drugs/DB08816	1116632
VEMURAFENIB	http://www.drugbank.ca/drugs/DB08881	1147220
ICATIBANT	http://www.drugbank.ca/drugs/DB06196	1148138
CRIZOTINIB	http://www.drugbank.ca/drugs/DB08700	1148495
RUXOLITINIB	http://www.drugbank.ca/drugs/DB08877	1193326
INGENOL MEBUTATE	http://www.drugbank.ca/drugs/DB05013	1242806
VISMODEGIB	http://www.drugbank.ca/drugs/DB08828	1242987
AXITINIB	http://www.drugbank.ca/drugs/DB06626	1242999
IVACAFTOR	http://www.drugbank.ca/drugs/DB08820	1243041
TAFLUPROST	http://www.drugbank.ca/drugs/DB08819	1244607
AVANAFIL	http://www.drugbank.ca/drugs/DB06237	1291301
AZILSARTAN KAMEDOXOMIL	http://www.drugbank.ca/drugs/DB08822	1294597
AMOXICILLIN ANHYDROUS	http://www.drugbank.ca/drugs/DB01060	1297882
CEPHALEXIN ANHYDROUS	http://www.drugbank.ca/drugs/DB00567	1299782
SODIUM SULFATE ANHYDROUS	http://www.drugbank.ca/drugs/DB09472	1299926
LORCASERIN	http://www.drugbank.ca/drugs/DB04871	1300701
MIRABEGRON	http://www.drugbank.ca/drugs/DB08893	1300786
CARFILZOMIB	http://www.drugbank.ca/drugs/DB08889	1302966
ACLIDINIUM	http://www.drugbank.ca/drugs/DB08897	1303098
ICOSAPENT ETHYL	http://www.drugbank.ca/drugs/DB08887	1304974
AMMONIA N-13	http://www.drugbank.ca/drugs/DB09326	1305558
CETYL CAPRYLATE	http://www.drugbank.ca/drugs/DB02425	1306181
COBICISTAT	http://www.drugbank.ca/drugs/DB09065	1306284
ELVITEGRAVIR	http://www.drugbank.ca/drugs/DB09101	1306286
HEXANEDIOL	http://www.drugbank.ca/drugs/DB02210	1307037
ENZALUTAMIDE	http://www.drugbank.ca/drugs/DB08899	1307298
BOSUTINIB	http://www.drugbank.ca/drugs/DB06616	1307619
PHENETHYLAMINE	http://www.drugbank.ca/drugs/DB04325	1309741
TERIFLUNOMIDE	http://www.drugbank.ca/drugs/DB08880	1310520
STEARIC ACID	http://www.drugbank.ca/drugs/DB03193	1310551
XANTHINE	http://www.drugbank.ca/drugs/DB02134	1311085
INDOLE	http://www.drugbank.ca/drugs/DB04532	1311224
TOLUENE	http://www.drugbank.ca/drugs/DB11558	1311381
CAFFEIC ACID	http://www.drugbank.ca/drugs/DB01880	1311397
SODIUM FLUORIDE F-18	http://www.drugbank.ca/drugs/DB09398	1311495
MEBROFENIN	http://www.drugbank.ca/drugs/DB09137	1311500
ALUMINUM	http://www.drugbank.ca/drugs/DB01370	1311504
ASPARTAME	http://www.drugbank.ca/drugs/DB00168	1311524
HYDROXYPROLINE	http://www.drugbank.ca/drugs/DB08847	1311548
PROPIOLACTONE	http://www.drugbank.ca/drugs/DB09348	1311565
MAGNESIUM SULFATE ANHYDROUS	http://www.drugbank.ca/drugs/DB00653	1311625
PIMAGEDINE HYDROCHLORIDE	http://www.drugbank.ca/drugs/DB05383	1311669
PIMAGEDINE	http://www.drugbank.ca/drugs/DB02533	1311670
ALDOSTERONE	http://www.drugbank.ca/drugs/DB04630	1312358
REGORAFENIB	http://www.drugbank.ca/drugs/DB08896	1312397
N,N-DIMETHYLGLYCINE	http://www.drugbank.ca/drugs/DB02083	1313173
LAURYL BETAINE	http://www.drugbank.ca/drugs/DB07631	1314211
HESPERETIN	http://www.drugbank.ca/drugs/DB01094	1314255
PROPYLENE GLYCOL, (R)-	http://www.drugbank.ca/drugs/DB02159	1314303
BOSUTINIB MONOHYDRATE	http://www.drugbank.ca/drugs/DB06616	1314319
COENZYME A	http://www.drugbank.ca/drugs/DB01992	1314344
INDIUM IN-111 OXYQUINOLINE	http://www.drugbank.ca/drugs/DB09473	1314372
PICRIC ACID	http://www.drugbank.ca/drugs/DB03651	1320642
PERAMPANEL	http://www.drugbank.ca/drugs/DB08883	1356552
ETIDRONIC ACID	http://www.drugbank.ca/drugs/DB01077	1356715
MYRISTIC ACID	http://www.drugbank.ca/drugs/DB08231	1356758
TOFACITINIB	http://www.drugbank.ca/drugs/DB08183	1357536
PALMITOYL GLYCINE	http://www.drugbank.ca/drugs/DB03440	1359086
BUTYRIC ACID	http://www.drugbank.ca/drugs/DB03568	1362696
BENZIMIDAZOLE	http://www.drugbank.ca/drugs/DB02962	1362885
LAURYL SULFATE	http://www.drugbank.ca/drugs/DB03967	1362927
TERT-BUTYL ALCOHOL	http://www.drugbank.ca/drugs/DB03900	1363061
CABOZANTINIB S-MALATE	http://www.drugbank.ca/drugs/DB08875	1363267
CABOZANTINIB S-MALATE	http://www.drugbank.ca/drugs/DB05153	1363267
CABOZANTINIB	http://www.drugbank.ca/drugs/DB08875	1363268
PASIREOTIDE	http://www.drugbank.ca/drugs/DB06663	1364105
GADOFOSVESET TRISODIUM	http://www.drugbank.ca/drugs/DB06705	1364289
GADOFOSVESET	http://www.drugbank.ca/drugs/DB06705	1364290
PONATINIB	http://www.drugbank.ca/drugs/DB08901	1364347
LAURAMINE OXIDE	http://www.drugbank.ca/drugs/DB04147	1364388
APIXABAN	http://www.drugbank.ca/drugs/DB06605	1364430
LOMITAPIDE	http://www.drugbank.ca/drugs/DB08827	1364479
BEDAQUILINE	http://www.drugbank.ca/drugs/DB08903	1364504
PROPIONAMIDE	http://www.drugbank.ca/drugs/DB04161	1366667
RUBIDIUM CHLORIDE RB-82	http://www.drugbank.ca/drugs/DB09479	1367086
PHENYLACETALDEHYDE	http://www.drugbank.ca/drugs/DB02178	1367159
METACRESOL	http://www.drugbank.ca/drugs/DB01776	1367170
PENTYLAMINE	http://www.drugbank.ca/drugs/DB02045	1367190
AMINOPROPYL DIHYDROGEN PHOSPHATE	http://www.drugbank.ca/drugs/DB01738	1367492
ALOGLIPTIN	http://www.drugbank.ca/drugs/DB06203	1368001
APIGENIN	http://www.drugbank.ca/drugs/DB07352	1368130
PHLORETIN	http://www.drugbank.ca/drugs/DB07810	1368167
NARINGENIN	http://www.drugbank.ca/drugs/DB03467	1368173
MYRICETIN	http://www.drugbank.ca/drugs/DB02375	1368374
GLYCEROL PHENYLBUTYRATE	http://www.drugbank.ca/drugs/DB08909	1368451
ARACHIDONIC ACID	http://www.drugbank.ca/drugs/DB04557	1368624
ACRYLIC ACID	http://www.drugbank.ca/drugs/DB02579	1368626
ACRYLIC ACID	http://www.drugbank.ca/drugs/DB05384	1368626
2,4-DIHYDROXYBENZOIC ACID	http://www.drugbank.ca/drugs/DB02839	1368632
FERULIC ACID	http://www.drugbank.ca/drugs/DB07767	1368647
TRIETHYLENE GLYCOL	http://www.drugbank.ca/drugs/DB02327	1368702
THYMINE	http://www.drugbank.ca/drugs/DB03462	1368871
ILOMASTAT	http://www.drugbank.ca/drugs/DB02255	1368877
ERYTHRITOL	http://www.drugbank.ca/drugs/DB04481	1369563
OSPEMIFENE	http://www.drugbank.ca/drugs/DB04938	1370971
TARTARIC ACID, D-	http://www.drugbank.ca/drugs/DB01694	1371315
GUANINE	http://www.drugbank.ca/drugs/DB02377	1372539
CANAGLIFLOZIN	http://www.drugbank.ca/drugs/DB08907	1373458
DIMETHYL FUMARATE	http://www.drugbank.ca/drugs/DB08908	1373478
POTASSIUM CITRATE ANHYDROUS	http://www.drugbank.ca/drugs/DB09125	1374802
URETHANE	http://www.drugbank.ca/drugs/DB04827	1420982
UBIQUINONE Q2	http://www.drugbank.ca/drugs/DB08690	1423925
VILANTEROL	http://www.drugbank.ca/drugs/DB09082	1424884
DABRAFENIB	http://www.drugbank.ca/drugs/DB08912	1424911
TRAMETINIB	http://www.drugbank.ca/drugs/DB08911	1425099
CHOLINE C-11	http://www.drugbank.ca/drugs/DB09563	1425419
MALEIC ACID	http://www.drugbank.ca/drugs/DB04299	1426330
ACEGLUTAMIDE	http://www.drugbank.ca/drugs/DB04167	1426379
PALMITIC ACID	http://www.drugbank.ca/drugs/DB03796	1426390
KOJIC ACID	http://www.drugbank.ca/drugs/DB01759	1426451
IOXAGLIC ACID	http://www.drugbank.ca/drugs/DB09313	1426458
N-ACETYLMETHIONINE	http://www.drugbank.ca/drugs/DB01646	1426463
P-ANISIC ACID	http://www.drugbank.ca/drugs/DB02795	1426595
HEXAMINOLEVULINATE HYDROCHLORIDE	http://www.drugbank.ca/drugs/DB06261	1426871
IOFLUPANE I-123	http://www.drugbank.ca/drugs/DB08824	1426874
IOFLUPANE I-123	http://www.drugbank.ca/drugs/DB09548	1426874
GLUCURONIC ACID	http://www.drugbank.ca/drugs/DB03156	1426906
MERCURIC IODIDE	http://www.drugbank.ca/drugs/DB04445	1426941
OXALIC ACID	http://www.drugbank.ca/drugs/DB03902	1427058
SEBACIC ACID	http://www.drugbank.ca/drugs/DB07645	1427068
LAURTRIMONIUM	http://www.drugbank.ca/drugs/DB02779	1427083
URIC ACID	http://www.drugbank.ca/drugs/DB08844	1427088
IOBENGUANE SULFATE I-123	http://www.drugbank.ca/drugs/DB09546	1427223
FLORBETAPIR F-18	http://www.drugbank.ca/drugs/DB09149	1427224
AFATINIB	http://www.drugbank.ca/drugs/DB08916	1430438
LEVOMILNACIPRAN	http://www.drugbank.ca/drugs/DB08918	1433212
BISPHENOL A	http://www.drugbank.ca/drugs/DB06973	1433347
DOLUTEGRAVIR	http://www.drugbank.ca/drugs/DB08930	1433868
CHOLINE FENOFIBRATE	http://www.drugbank.ca/drugs/DB09545	1433887
DIETHYLENE GLYCOL DIETHYL ETHER	http://www.drugbank.ca/drugs/DB08357	1435108
CITRACONIC ACID	http://www.drugbank.ca/drugs/DB04734	1435287
RIOCIGUAT	http://www.drugbank.ca/drugs/DB08931	1439816
AMINOPTERIN	http://www.drugbank.ca/drugs/DB08878	1440264
AMONAFIDE	http://www.drugbank.ca/drugs/DB05022	1440270
CHOLIC ACID	http://www.drugbank.ca/drugs/DB02659	1440856
BAZEDOXIFENE	http://www.drugbank.ca/drugs/DB06401	1441386
ANILINE	http://www.drugbank.ca/drugs/DB06728	1441546
MACITENTAN	http://www.drugbank.ca/drugs/DB08932	1442132
LANOSTEROL	http://www.drugbank.ca/drugs/DB03696	1442199
IBRUTINIB	http://www.drugbank.ca/drugs/DB09053	1442981
CEFACLOR ANHYDROUS	http://www.drugbank.ca/drugs/DB00833	1450910
VORTIOXETINE	http://www.drugbank.ca/drugs/DB09068	1455099
BOSENTAN ANHYDROUS	http://www.drugbank.ca/drugs/DB00559	1468845
ESLICARBAZEPINE ACETATE	http://www.drugbank.ca/drugs/DB09119	1482501
LULICONAZOLE	http://www.drugbank.ca/drugs/DB08933	1482680
SIMEPREVIR	http://www.drugbank.ca/drugs/DB06290	1482790
SPERMIDINE	http://www.drugbank.ca/drugs/DB03566	1483262
SPERMINE	http://www.drugbank.ca/drugs/DB00127	1483263
INOSINE	http://www.drugbank.ca/drugs/DB04335	1483575
SOFOSBUVIR	http://www.drugbank.ca/drugs/DB08934	1484911
FLUTEMETAMOL F-18	http://www.drugbank.ca/drugs/DB09151	1486025
FLUTEMETAMOL F-18	http://www.drugbank.ca/drugs/DB09562	1486025
UMECLIDINIUM	http://www.drugbank.ca/drugs/DB09076	1487514
TECHNETIUM TC-99M PYROPHOSPHATE	http://www.drugbank.ca/drugs/DB09165	1488368
DAPAGLIFLOZIN	http://www.drugbank.ca/drugs/DB06292	1488564
DROXIDOPA	http://www.drugbank.ca/drugs/DB06262	1489913
TASIMELTEON	http://www.drugbank.ca/drugs/DB09071	1490468
APREMILAST	http://www.drugbank.ca/drugs/DB05676	1492727
FLORBETABEN F-18	http://www.drugbank.ca/drugs/DB09148	1492940
MILTEFOSINE	http://www.drugbank.ca/drugs/DB09031	1494066
DECYLAMINE OXIDE	http://www.drugbank.ca/drugs/DB02613	1494854
CERITINIB	http://www.drugbank.ca/drugs/DB09063	1535457
FLAVONE	http://www.drugbank.ca/drugs/DB07776	1536070
VORAPAXAR	http://www.drugbank.ca/drugs/DB09030	1537034
METAMIZOLE SODIUM	http://www.drugbank.ca/drugs/DB04817	1537943
EFINACONAZOLE	http://www.drugbank.ca/drugs/DB09040	1539753
ETHYL PYRUVATE	http://www.drugbank.ca/drugs/DB05869	1539968
TEDIZOLID PHOSPHATE	http://www.drugbank.ca/drugs/DB09042	1540824
TEDIZOLID	http://www.drugbank.ca/drugs/DB09042	1540825
GLUCOSE-6-PHOSPHATE	http://www.drugbank.ca/drugs/DB03581	1541246
TAVABOROLE	http://www.drugbank.ca/drugs/DB09041	1543173
BELINOSTAT	http://www.drugbank.ca/drugs/DB05015	1543543
IDELALISIB	http://www.drugbank.ca/drugs/DB09054	1544460
EMPAGLIFLOZIN	http://www.drugbank.ca/drugs/DB09038	1545653
CEFADROXIL ANHYDROUS	http://www.drugbank.ca/drugs/DB01140	1545975
IMIPENEM ANHYDROUS	http://www.drugbank.ca/drugs/DB01598	1545986
AMIFOSTINE ANHYDROUS	http://www.drugbank.ca/drugs/DB01143	1545987
PIPERACILLIN ANHYDROUS	http://www.drugbank.ca/drugs/DB00319	1546000
THIOGUANINE ANHYDROUS	http://www.drugbank.ca/drugs/DB00352	1546005
CIDOFOVIR ANHYDROUS	http://www.drugbank.ca/drugs/DB00369	1546007
LEVOFLOXACIN ANHYDROUS	http://www.drugbank.ca/drugs/DB01137	1546009
ZOLEDRONIC ACID ANHYDROUS	http://www.drugbank.ca/drugs/DB00399	1546014
REGADENOSON ANHYDROUS	http://www.drugbank.ca/drugs/DB06213	1546015
DASATINIB ANHYDROUS	http://www.drugbank.ca/drugs/DB01254	1546019
CEFIXIME ANHYDROUS	http://www.drugbank.ca/drugs/DB00671	1546021
INDINAVIR ANHYDROUS	http://www.drugbank.ca/drugs/DB00224	1546024
ENTECAVIR ANHYDROUS	http://www.drugbank.ca/drugs/DB00442	1546027
MEROPENEM ANHYDROUS	http://www.drugbank.ca/drugs/DB00760	1546029
SAXAGLIPTIN ANHYDROUS	http://www.drugbank.ca/drugs/DB06335	1546030
CANAGLIFLOZIN ANHYDROUS	http://www.drugbank.ca/drugs/DB08907	1546031
OLODATEROL	http://www.drugbank.ca/drugs/DB09080	1546059
DIATRIZOIC ACID	http://www.drugbank.ca/drugs/DB00271	1546223
LITHIUM CATION	http://www.drugbank.ca/drugs/DB01356	1546265
GENTIAN VIOLET CATION	http://www.drugbank.ca/drugs/DB00406	1546369
PAMIDRONIC ACID	http://www.drugbank.ca/drugs/DB00282	1546406
UNOPROSTONE	http://www.drugbank.ca/drugs/DB06826	1546408
METHYLENE BLUE CATION	http://www.drugbank.ca/drugs/DB08167	1546414
ETHYLMERCURITHIOSALICYLIC ACID	http://www.drugbank.ca/drugs/DB02731	1546427
HYPOPHOSPHITE ION	http://www.drugbank.ca/drugs/DB04053	1546440
MONOFLUOROPHOSPHATE ION	http://www.drugbank.ca/drugs/DB02348	1546445
IOTHALAMIC ACID	http://www.drugbank.ca/drugs/DB09133	1546451
VALERIC ACID	http://www.drugbank.ca/drugs/DB02406	1546454
SUVOREXANT	http://www.drugbank.ca/drugs/DB09034	1547099
ELIGLUSTAT	http://www.drugbank.ca/drugs/DB09039	1547220
ORITAVANCIN	http://www.drugbank.ca/drugs/DB04911	1547611
MALACHITE GREEN CATION	http://www.drugbank.ca/drugs/DB03895	1547770
SELENOCYSTEINE	http://www.drugbank.ca/drugs/DB02345	1549332
ACV TRIPEPTIDE	http://www.drugbank.ca/drugs/DB02025	1551571
NALOXEGOL	http://www.drugbank.ca/drugs/DB09049	1551777
NETUPITANT	http://www.drugbank.ca/drugs/DB09048	1552337
GUANOSINE	http://www.drugbank.ca/drugs/DB02857	1591890
LEDIPASVIR	http://www.drugbank.ca/drugs/DB09027	1591922
PIRFENIDONE	http://www.drugbank.ca/drugs/DB04951	1592254
NINTEDANIB	http://www.drugbank.ca/drugs/DB09079	1592737
OMBITASVIR	http://www.drugbank.ca/drugs/DB09296	1597371
PARITAPREVIR	http://www.drugbank.ca/drugs/DB09297	1597373
DASABUVIR	http://www.drugbank.ca/drugs/DB09183	1597381
OLAPARIB	http://www.drugbank.ca/drugs/DB09074	1597582
CEFTOLOZANE	http://www.drugbank.ca/drugs/DB09050	1597609
FINAFLOXACIN	http://www.drugbank.ca/drugs/DB09047	1598641
EDOXABAN	http://www.drugbank.ca/drugs/DB09075	1599538
PALBOCICLIB	http://www.drugbank.ca/drugs/DB09073	1601374
LENVATINIB	http://www.drugbank.ca/drugs/DB09078	1603296
PANOBINOSTAT	http://www.drugbank.ca/drugs/DB06603	1603350
AVIBACTAM	http://www.drugbank.ca/drugs/DB09060	1603834
LENVATINIB MESYLATE	http://www.drugbank.ca/drugs/DB09078	1604346
DACLATASVIR DIHYDROCHLORIDE	http://www.drugbank.ca/drugs/DB09102	1606217
DACLATASVIR	http://www.drugbank.ca/drugs/DB09102	1606218
FERRIC PYROPHOSPHATE	http://www.drugbank.ca/drugs/DB09147	1607976
CAMPHOR, (-)-	http://www.drugbank.ca/drugs/DB01744	1648124
IVABRADINE	http://www.drugbank.ca/drugs/DB09083	1649480
PROPYL ACETATE	http://www.drugbank.ca/drugs/DB01670	1649519
4-HYDROXYBENZOIC ACID	http://www.drugbank.ca/drugs/DB04242	1649527
BUTANAMIDE	http://www.drugbank.ca/drugs/DB02121	1653515
ELUXADOLINE	http://www.drugbank.ca/drugs/DB09272	1653781
LUMACAFTOR	http://www.drugbank.ca/drugs/DB09280	1655922
CANGRELOR	http://www.drugbank.ca/drugs/DB06441	1656052
SACUBITRIL	http://www.drugbank.ca/drugs/DB09292	1656328
MALONDIALDEHYDE	http://www.drugbank.ca/drugs/DB03057	1657018
BREXPIPRAZOLE	http://www.drugbank.ca/drugs/DB09128	1658314
SONIDEGIB	http://www.drugbank.ca/drugs/DB09143	1659191
PROPYLENE GLYCOL, (S)-	http://www.drugbank.ca/drugs/DB04349	1663407
URIDINE TRIACETATE	http://www.drugbank.ca/drugs/DB09144	1665222
ROLAPITANT	http://www.drugbank.ca/drugs/DB09291	1665496
FLIBANSERIN	http://www.drugbank.ca/drugs/DB04908	1665509
CALCIUM CHLORIDE ANHYDROUS	http://www.drugbank.ca/drugs/DB01164	1667640
CARIPRAZINE	http://www.drugbank.ca/drugs/DB06016	1667655
TIPIRACIL	http://www.drugbank.ca/drugs/DB02631	1670304
TRABECTEDIN	http://www.drugbank.ca/drugs/DB05109	1716278
OSIMERTINIB	http://www.drugbank.ca/drugs/DB09330	1721560
TENOFOVIR ALAFENAMIDE	http://www.drugbank.ca/drugs/DB09299	1721603
COBIMETINIB	http://www.drugbank.ca/drugs/DB05239	1722365
